id,avatar,posts,followers,likes,engagement_rate
0,namanpachori,592,6.6M,592,0.9
1,doutzen,4K,6.6M,3.96K,1
2,calumhood,1.4K,6.6M,1.38K,6.6
3,therealmikeepps,4.8K,6.6M,4.77K,1.6
4,phynofino,2.4K,6.6M,2.36K,0.7
5,nickelodeon,10.7K,6.6M,10.66K,0.3
6,vhongx44,1K,6.6M,1.03K,0.6
7,givenchy,709,15.3M,709,0
8,remodsouza,2.5K,10.5M,2.49K,2.7
9,amyschumer,2.9K,10.5M,2.94K,0.6
10,officialshetta,1.1K,5.5M,1.07K,0.1
11,afcajax,8.9K,5.5M,8.94K,0.7
12,a.sharif92,300,5.5M,300,1.6
13,photoshop,1.6K,5.5M,1.58K,0.5
14,lisabarcelox,298,5.5M,298,10.7
15,kimjuncotton,209,9.1M,209,21.7
16,neymarjrsiteoficial,5.9K,9.1M,5.87K,0.8
17,england,6.8K,9.1M,6.79K,0.7
18,camerondiaz,155,7.8M,155,1.5
19,aditiraohydari,2K,7.8M,2.05K,1.9
20,anwar,1K,7.8M,0.95K,2.7
21,jwoww,4.4K,7.8M,4.42K,0.8
22,monazakiofficial,468,7.8M,468,1.1
23,nita_shilimkar,1.3K,12M,1.27K,3.4
24,patrickdempsey,1K,6.6M,0.99K,4.2
25,james,1K,6.6M,0.96K,0.9
26,btwitslucky,804,6.6M,804,2.6
27,baimwong,3.2K,17.1M,3.24K,0.8
28,giovannaantonelli,4.9K,17.1M,4.91K,0.4
29,ler_chek,2.6K,10.5M,2.65K,4.7
30,marcjacobs,7K,10.5M,6.98K,0.1
31,sameeksha.sud_,2.3K,10.5M,2.33K,0.8
32,acunilicali,532,13.6M,532,1.8
33,aliandooo,1.2K,13.6M,1.17K,0.8
34,pattieung,1.8K,5.5M,1.84K,2.3
35,gaurgopaldas,1.9K,5.5M,1.86K,1.6
36,lewiscapaldi,168,5.5M,168,11.7
37,who,2.9K,12M,2.88K,0.2
38,courteneycoxofficial,298,12M,298,6.1
39,kanik4kapoor,2.8K,12M,2.84K,1.5
40,da2_ridho,162,5.5M,162,0.6
41,dogojanjatz,6.5K,5.5M,6.45K,0.3
42,kritika_malik_9,3.6K,5.5M,3.64K,0.7
43,dababy,158,21M,158,1.6
44,morgen_shtern,378,7.8M,378,5
45,yukikt,1.4K,7.8M,1.44K,1.6
46,norkys_batista,16.1K,7.8M,16.09K,0.4
47,zizanrazak869,5.3K,7.8M,5.34K,0.5
48,dylansprouse,9,9.1M,9,5.8
49,rollsroycecars,1.9K,9.1M,1.86K,1.5
50,scuderiaferrari,5.1K,6.6M,5.15K,2.3
51,thebursin,128,6.6M,128,21.4
52,nas,70,6.6M,70,1.4
53,makeupforever,1.4K,6.6M,1.39K,0
54,francinyehlke,1.1K,15.3M,1.05K,3.3
55,liamhemsworth,181,13.6M,181,5.6
56,troyesivan,1.6K,13.6M,1.61K,2.6
57,hitocaesar,1.6K,13.6M,1.61K,1.4
58,taisdeverdade,4.3K,12M,4.29K,0.7
59,janhvikapoor,795,21.1M,795,3.5
60,zoesaldana,1.8K,9.1M,1.81K,1.7
61,abigailratchford,368,9.1M,368,1.4
62,mcdonjuan,1.2K,7.8M,1.25K,1.1
63,joesthetics,1.9K,7.8M,1.86K,2.9
64,ayeshacurry,3.2K,7.8M,3.23K,2.1
65,julienco_,832,5.5M,832,5.6
66,yesimprettyvee,2.9K,5.5M,2.92K,3.8
67,nyra_banerjee,1.9K,5.5M,1.86K,0.7
68,natgeointhefield,4.1K,15.4M,4.13K,0.1
69,strangerthingstv,495,15.4M,495,11.5
70,majorgirl,4.2K,6.6M,4.17K,1.7
71,sportbible,16.6K,6.6M,16.56K,1.4
72,zevaqueiro,570,6.6M,570,2.6
73,keyshiakaoir,3.3K,6.6M,3.32K,1.5
74,5sos,2.7K,10.6M,2.71K,3
75,bastianschweinsteiger,1.1K,10.6M,1.10K,0.4
76,calvinharris,101,10.5M,101,0.9
77,thef2,7.7K,10.5M,7.68K,0.9
78,ninja,1.2K,13.7M,1.17K,1.4
79,chrisevans,55,13.7M,55,13.9
80,drayamichele,1.5K,9.2M,1.55K,1
81,hoskelsa,3.7K,7.8M,3.72K,1.9
82,vspink,2.2K,7.8M,2.23K,0.1
83,kinzahashmi,1.1K,7.8M,1.13K,1.5
84,irwansyah_15,3.1K,12.1M,3.06K,0.4
85,cats_of_instagram,15.6K,12M,15.58K,0.6
86,rioferdy5,2.1K,5.5M,2.12K,1.1
87,zion,1.3K,5.5M,1.33K,0.4
88,sivakarthikeyan,305,5.5M,305,9
89,henrycavill,484,17.2M,484,9.7
90,ebrugundes,1K,6.7M,0.95K,1.9
91,lcfc,11.9K,6.7M,11.94K,0.3
92,shreyas41,1K,6.7M,0.95K,6.2
93,i_am_kiko,2.2K,6.6M,2.22K,0.8
94,discoverearth,7K,6.6M,6.97K,1.1
95,ibaillanos,162,6.6M,162,17.5
96,thesiddharthnigam,1.5K,10.6M,1.47K,2.8
97,motogp,16.8K,13.7M,16.75K,0.4
98,filmygyan,1.1K,15.4M,1.05K,0.6
99,winnieharlow,4.5K,9.2M,4.53K,1.8
100,pedroalonsoochoro,781,9.2M,781,3.6
101,kendallvertes,2.9K,9.2M,2.89K,1.4
102,elliotpage,21,5.5M,21,17.4
103,_vaanikapoor_,1.1K,5.5M,1.10K,2.5
104,memequeen,11.2K,5.5M,11.19K,0.9
105,bleacherreport,43.2K,19.1M,43.25K,1.1
106,greeicy,4.5K,21.1M,4.53K,4.7
107,sephora,12K,21.1M,12K,0.1
108,kevin,1.5K,7.9M,1.51K,1.3
109,canelo,1.2K,7.9M,1.24K,4.4
110,cassie,141,7.9M,141,3.2
111,akon,425,7.9M,425,1.1
112,rosmeoficial,226,6.7M,226,2.8
113,wolfiecindy,530,6.7M,530,7.6
114,cea_brasil,7.5K,6.7M,7.49K,0.1
115,lala,4K,13.7M,4.04K,1.5
116,joannagaines,2.5K,13.7M,2.53K,0.5
117,urbanoutfitters,15.1K,9.2M,15.13K,0.2
118,ab,581,12.1M,581,2.1
119,salicerose,4K,12.1M,4.04K,1.3
120,augustocury,1.6K,5.6M,1.62K,0.6
121,revolve,18.2K,5.6M,18.17K,0.1
122,alexanderwangny,1.8K,5.6M,1.83K,0.1
123,dude2harlino,2K,5.6M,1.96K,0.4
124,sandradewi88,6K,21.1M,5.98K,0.1
125,vp,586,17.2M,586,3.4
126,sarasampaio,2.8K,7.9M,2.76K,1.9
127,ppteamkaren,1.5K,7.9M,1.49K,2.3
128,behnoushtabatabai,160,7.9M,160,1.3
129,yuzi_chahal23,1.4K,7.9M,1.42K,6.5
130,maroon5,1.3K,7.9M,1.29K,0.7
131,soolkingofficiel,7,6.7M,7,3.9
132,keyshiacole,82,6.7M,82,2.2
133,sav.labrant,1.4K,6.7M,1.35K,13.8
134,danielhabif,4.7K,6.7M,4.74K,2.6
135,ibrahimbasha,187,6.7M,187,0.1
136,mrsayudewi,5.6K,13.7M,5.61K,0.4
137,morphebrushes,11.2K,10.6M,11.20K,0.3
138,maiteperroni,1.9K,10.6M,1.88K,1.4
139,louboutinworld,6K,15.4M,6K,0.1
140,sadhguru,6.5K,9.2M,6.55K,0.7
141,badboyshah,104,12.1M,104,1.4
142,australia,11.6K,5.6M,11.65K,1
143,papikunno,207,5.6M,207,5.1
144,steveo,1.8K,5.6M,1.78K,3.4
145,potus,1.7K,19.1M,1.69K,2.3
146,rafaelnadal,1.3K,17.2M,1.26K,1.1
147,kevinroldankr,1.5K,7.9M,1.45K,1.1
148,bhumipednekar,2.3K,6.7M,2.29K,1.2
149,sentoavara,11.5K,6.7M,11.47K,1.9
150,cassandraslee,1.7K,10.6M,1.70K,0.5
151,caitlynjenner,722,12.1M,722,0.5
152,sthefanematos,512,9.2M,512,7.2
153,macmiller,23,9.2M,23,10.2
154,theangelawhite,253,9.2M,253,2.3
155,edwestwick,0.9K,9.2M,0.90K,4.7
156,fcbmasia,3.2K,5.6M,3.16K,0.3
157,sanchooo10,91,5.6M,91,8.4
158,prideofgypsies,3K,17.3M,3.01K,1.5
159,larasilva,565,17.3M,565,7.2
160,tessabrooks,732,17.3M,732,0.6
161,sasy,2.3K,7.9M,2.27K,2.3
162,mauyricky,555,6.7M,555,2.2
163,lance210,1K,6.7M,0.95K,5.3
164,soueunavida,6.2K,13.7M,6.25K,3.8
165,hadise,824,13.7M,824,2.2
166,nct127,2.4K,10.6M,2.44K,6.9
167,diorbeauty,1.2K,10.6M,1.22K,0.1
168,stevengerrard,1.2K,10.6M,1.20K,2
169,sarcasm_only,15.6K,15.5M,15.65K,1
170,funkejenifaakindele,2.7K,15.4M,2.66K,0.3
171,albafloresoficial,369,12.1M,369,8.4
172,jubin_nautiyal,1.4K,9.2M,1.44K,1.9
173,hhshkmohd,1.5K,5.6M,1.49K,1
174,vijaytelevision,12.3K,5.6M,12.29K,0.4
175,seanfreestyle,5.2K,5.6M,5.16K,1
176,lucasranngel,4.7K,19.2M,4.71K,2.2
177,hassan_reyvandi,802,17.3M,802,3.6
178,maiamitchell,1.2K,6.7M,1.16K,4.1
179,marcmarquez93,2.8K,6.7M,2.76K,2.8
180,berniesanders,3.4K,6.7M,3.38K,1.5
181,mohamedalsalim,3K,6.7M,2.99K,0.8
182,cnnee,11.1K,6.7M,11.08K,0.2
183,forbesbr,10.3K,6.7M,10.26K,0.5
184,elitenetflix,232,6.7M,232,7.6
185,muskansharma.5,706,7.9M,706,2.8
186,nitanshigoelofficial,1.4K,7.9M,1.42K,1.4
187,spotify,3.4K,7.9M,3.41K,0.5
188,surabhi.samriddhi,1.8K,10.6M,1.82K,1.6
189,cabronazi,45.4K,9.2M,45.37K,0.7
190,mirzasaniar,1.5K,9.2M,1.50K,1.1
191,iiqraaziz,2.1K,9.2M,2.13K,2.5
192,yungmiami305,62,5.6M,62,7.2
193,celtics,9K,5.6M,9.04K,0.3
194,nbaontnt,16.7K,5.6M,16.71K,0.7
195,russwest44,1.4K,19.2M,1.35K,1.4
196,wisin,9.7K,12.1M,9.71K,0.4
197,bernardokath,2.2K,17.3M,2.22K,2.2
198,jujusalimeni,9.6K,17.3M,9.63K,0.8
199,kanganaranaut,3.1K,7.9M,3.11K,5.2
200,jacksepticeye,1.1K,7.9M,1.12K,4.5
201,therealjimparsons,897,7.9M,897,1.3
202,beberexha,1.2K,10.7M,1.15K,2.8
203,cuadrado,0.9K,10.6M,0.92K,1.2
204,toyajohnson,10.2K,10.6M,10.22K,0.6
205,luisfonsi,4.7K,10.6M,4.74K,0.4
206,realmobilelegendsid,9.2K,10.6M,9.21K,0.3
207,snooki,7K,15.5M,6.97K,0.7
208,melo,300,6.7M,300,12.2
209,davidwarner31,2.1K,9.2M,2.07K,5.1
210,rivarora_,2.8K,9.2M,2.83K,1.3
211,indiaofficialfreefire,5K,9.2M,5K,0.8
212,vocesabia,7.1K,5.6M,7.12K,3.6
213,mohammedassaf89,3.4K,5.6M,3.41K,0.7
214,rizkynazar20,545,5.6M,545,3.4
215,rickeythompson,2.5K,5.6M,2.49K,3.6
216,juanbertheau,1.7K,5.6M,1.69K,6
217,xxxtentacion,1,19.2M,1,189.6
218,raditya_dika,5.1K,17.3M,5.10K,0.8
219,raashiikhanna,1.2K,7.9M,1.24K,3.4
220,anguscloud,63,7.9M,63,16
221,poloralphlauren,4.6K,7.9M,4.63K,0.1
222,kriti.kharbanda,2.2K,7.9M,2.21K,3.1
223,gordongram,4.9K,13.8M,4.92K,1
224,miguel.g.herran,522,13.8M,522,8.7
225,iqbaal.e,328,13.8M,328,3.9
226,aff_taksaorn,7.3K,5.6M,7.34K,1.1
227,vintageculture,2.7K,5.6M,2.72K,0.8
228,themuseumofmodernart,5K,5.6M,4.96K,0.3
229,zo,297,15.5M,297,2
230,royalchallengersbangalore,13.7K,9.2M,13.72K,1.7
231,brielarson,1.2K,6.7M,1.21K,8.5
232,austinmcbroom,536,6.7M,536,14.1
233,omarbelmir,1.4K,6.7M,1.36K,3.9
234,kevadams,344,6.7M,344,0.7
235,felicyangelista_,3K,21.2M,2.98K,1.9
236,oprah,1.3K,21.2M,1.25K,0.9
237,tarajiphenson,5.6K,19.2M,5.55K,0.6
238,marigonzalez,1.5K,10.7M,1.53K,2.3
239,freefirebr_oficial,520,12.2M,520,0.4
240,zkdlin,349,12.2M,349,15.4
241,bellapoarch,202,12.2M,202,14.2
242,lucaslucco,3.1K,17.3M,3.10K,1.2
243,rosiehw,3.7K,13.8M,3.69K,1
244,spursofficial,13.9K,13.8M,13.93K,0.5
245,veradijkmans,167,5.6M,167,5.8
246,karara.amir,410,5.6M,410,2.6
247,thebillionairesclub,21.1K,5.6M,21.09K,0
248,johncena,2.6K,15.5M,2.64K,0.9
249,garikkharlamov,2.5K,9.3M,2.52K,0.5
250,skrillex,6,9.3M,6,2.4
251,sureshraina3,2.4K,19.3M,2.41K,2.3
252,gem0816,3.8K,6.7M,3.79K,2.3
253,denilsonshow,3.2K,6.7M,3.21K,0.8
254,adah_ki_adah,1.9K,6.7M,1.93K,2.2
255,ourplanetdaily,6.1K,6.7M,6.05K,1.5
256,saifnabeell,1.3K,6.7M,1.33K,0.7
257,tydollasign,52,6.7M,52,0.6
258,dagelan,56.2K,21.3M,56.17K,0.6
259,lacikaysomers,163,12.2M,163,2
260,mumbaiindians,18.4K,10.7M,18.35K,1.7
261,heba_magdi,1.3K,10.7M,1.30K,0.9
262,aytenamer,1.8K,10.7M,1.85K,0.5
263,ludacris,11.5K,13.8M,11.47K,0.5
264,violets.tv,1.1K,13.8M,1.08K,1.6
265,klavacoca,2.5K,8M,2.52K,0.9
266,richthekid,21,8M,21,1.9
267,monsterenergy,7.1K,8M,7.11K,0.4
268,maudyayunda,2.1K,15.5M,2.06K,2.1
269,bbrightvc,1.3K,15.5M,1.27K,9.7
270,barked,7.3K,5.6M,7.32K,1
271,bts_jhope,879,5.6M,879,4.4
272,jude_devir,379,5.6M,379,8.3
273,johnmayer,1.7K,5.6M,1.65K,4.3
274,regejean,117,5.6M,117,15
275,kvdbeauty,157,5.6M,157,0.1
276,aleoliveiracm,293,5.6M,293,8.1
277,moonomens,7.4K,5.6M,7.42K,1.1
278,footlocker,15.3K,12.2M,15.33K,0.1
279,kaleycuoco,3.6K,6.8M,3.65K,2.1
280,carles5puyol,782,10.7M,782,3.3
281,meekmill,127,21.3M,127,0.9
282,dangershewrote,216,9.3M,216,2
283,missguided,21.9K,9.3M,21.87K,0.1
284,jairmessiasbolsonaro,5.4K,19.3M,5.45K,1.1
285,lizasoberano,712,17.4M,712,2.1
286,kristenanniebell,1.5K,15.6M,1.49K,1.4
287,vinijr,413,15.6M,413,6.6
288,hublot,7.3K,5.6M,7.25K,0.2
289,ybrap,103,5.6M,103,3.6
290,lanadelrey,729,19.3M,729,6
291,ashleygraham,3.6K,19.3M,3.58K,1.9
292,aislinnderbez,1.4K,12.2M,1.43K,2.2
293,sza,264,12.2M,264,11.3
294,emmachamberlain,701,12.2M,701,11.7
295,aycomedian,9.6K,12.2M,9.56K,0.2
296,hermes,2.2K,10.7M,2.17K,0.2
297,complex,49.1K,10.7M,49.15K,0.9
298,hoodville,12.1K,6.8M,12.14K,2.7
299,_mariahwasa,135,6.8M,135,18.6
300,naimdarrechi,599,6.8M,599,13.2
301,euxama,2.1K,8M,2.08K,3.2
302,fedez,4K,13.8M,4.02K,6.8
303,mango,5.2K,13.8M,5.19K,0.1
304,oficialrc3,2K,5.7M,1.96K,1.1
305,maell_lee,458,5.7M,458,1
306,nikerunning,1.3K,5.7M,1.27K,0.4
307,paulinavegadiep,2.6K,5.7M,2.62K,1.5
308,mmd,12.4K,5.7M,12.39K,2
309,carryminati,452,15.6M,452,12.6
310,waynerooney,1.2K,15.6M,1.17K,1.5
311,theroyalfamily,3.7K,10.7M,3.68K,2.1
312,sajalaly,416,9.3M,416,2.9
313,ansufati,224,9.3M,224,6.5
314,dudareisb,2.4K,9.3M,2.39K,2
315,_carlosrivera,2.7K,8M,2.74K,1.5
316,terrycrews,1.2K,8M,1.20K,0.7
317,lcwaikiki,4.8K,5.7M,4.77K,0.2
318,ahmedelsakaeg,484,5.7M,484,1.3
319,romananovais,341,5.7M,341,12.2
320,ihansika,1.4K,5.7M,1.36K,2.7
321,vadhird,1.4K,5.7M,1.36K,2.1
322,richardorlinski,2.1K,5.7M,2.10K,1.8
323,magnolia,3.7K,5.7M,3.74K,0.4
324,ladiiprang,5.1K,5.7M,5.11K,2.6
325,franckribery7,477,5.7M,477,3.1
326,smtown,3.7K,13.9M,3.67K,1.9
327,itsrossa910,6.3K,15.6M,6.33K,0.2
328,whitehouse,55,6.8M,55,0.5
329,anjimaxuofficially,781,12.2M,781,3.3
330,karinabacchi,11.1K,9.3M,11.12K,0.4
331,cauareymond,2.3K,10.7M,2.32K,0.7
332,boss,4.9K,10.7M,4.88K,0.1
333,naomi,717,10.7M,717,0.6
334,eilirjani,169,10.7M,169,3.3
335,ysl,2.1K,10.7M,2.10K,0.3
336,heidiklum,5.1K,8M,1,0.3
337,niasioux,1K,5.7M,1.04K,1.3
338,aamyrarosli,4.8K,5.7M,4.79K,1.1
339,thenameisyash,128,5.7M,128,18.8
340,roberto_cavalli,128,6.8M,128,0.1
341,tontolet,10.1K,6.8M,10.10K,0.2
342,burnaboygram,0.9K,6.8M,0.94K,2.4
343,bugatti,1.8K,17.4M,1.78K,1.3
344,jadapinkettsmith,146,10.8M,146,0.9
345,traceeellisross,1.8K,10.7M,1.79K,0.9
346,off____white,8.8K,10.7M,8.83K,0.5
347,kjapa,63,19.4M,63,5.7
348,farah_alhady,1.1K,9.3M,1.07K,0.7
349,lupitanyongo,4,9.3M,4,1.4
350,fashionnova,77.3K,21.4M,77.29K,0
351,haileesteinfeld,1.4K,13.9M,1.41K,3.3
352,valeyellow46,1.4K,13.9M,1.37K,2.7
353,soydannyalfaro,64,8M,64,6.9
354,fact,4.2K,8M,4.19K,1.2
355,millionaire_mentor,2K,8M,2.02K,0.2
356,solangealmeida,5.4K,8M,5.38K,1.2
357,djsnake,2.8K,8M,2.79K,2.9
358,guess,6K,8M,6.01K,0.2
359,lukadoncic,1.5K,5.7M,1.49K,6.6
360,unitednations,6K,6.8M,5.97K,0.2
361,zooeydeschanel,552,6.8M,552,3.1
362,ultabeauty,5.1K,6.8M,5.10K,0.1
363,mollymae,1K,6.8M,1.01K,5.5
364,skawngur,617,15.6M,617,14.2
365,tamerhosny,1.4K,19.4M,1.45K,1
366,betrandpetoputraonsu,586,10.8M,586,1.4
367,falzthebahdguy,501,8M,501,0.7
368,angellelga,619,8M,619,0.2
369,jeromeboateng,1.6K,8M,1.56K,0.9
370,giannis_an34,1K,13.9M,0.96K,2.7
371,iamhumaq,2K,5.7M,1.95K,0.8
372,wikasalim,1.2K,5.7M,1.22K,1
373,iyaboojofespris,1.4K,5.7M,1.42K,0.4
374,fcbarcelonab,3.2K,6.8M,3.15K,0.3
375,lopez_tony,207,6.8M,207,12.1
376,angelinajolie,28,12.3M,28,7.9
377,anastasiabeverlyhills,15K,19.4M,14.97K,0.1
378,urbandecaycosmetics,8.1K,10.8M,8.06K,0.1
379,malutrevejo,45,10.8M,45,4.4
380,hanan_attaki,1.3K,9.4M,1.30K,0.7
381,kendricklamar,2,9.4M,2,7
382,hi_sseulgi,391,9.4M,391,10.1
383,zoesugg,2K,9.4M,2.01K,3.7
384,foxnews,26.6K,5.7M,26.59K,0.5
385,drdre,60,5.7M,60,11.4
386,cbf_futebol,7.4K,8.1M,7.45K,0.7
387,taraneh_alidoosti,324,8M,324,2.8
388,jesynelson,826,8M,826,2.7
389,pipebueno,3.7K,8M,3.73K,1.3
390,loreimprota,7.3K,13.9M,7.25K,1.7
391,drewbarrymore,1.7K,13.9M,1.69K,0.4
392,piawurtzbach,5K,13.9M,5.01K,1.2
393,gianna,319,6.8M,319,0.8
394,mark_prin,3.5K,6.8M,3.55K,2.2
395,ladivaza,1.1K,6.8M,1.08K,7.9
396,alexmapeli,4.9K,6.8M,4.85K,1.1
397,martingarrix,3.3K,15.7M,3.32K,1.6
398,enriqueiglesias,301,15.6M,301,2.2
399,maserati,2.5K,12.3M,2.48K,0.8
400,humansofny,5.6K,12.3M,5.60K,2
401,gisele,796,19.4M,796,2.3
402,alexandermcqueen,4.7K,10.8M,4.70K,0.4
403,afaseleccion,6.1K,9.4M,6.15K,3
404,fred,3.9K,9.4M,3.88K,3
405,playboy,11.1K,9.4M,11.14K,0.4
406,juki_lop,90,9.4M,90,6.9
407,tmlplanet,15.9K,5.7M,15.91K,1.9
408,hamillhimself,1.4K,5.7M,1.36K,5.5
409,thailaayala,6.2K,5.7M,6.22K,0.5
410,elena_blinovskaya,3.4K,5.7M,3.40K,1.3
411,husamalrassam,1K,5.7M,1.02K,0.5
412,gregoriopernia,2.5K,5.7M,2.51K,2.5
413,elizabethmichaelofficial,485,5.7M,485,0.6
414,jamorant,216,5.7M,216,6.5
415,ferragamo,5.6K,6.8M,5.65K,0.1
416,mario_houses,738,6.8M,738,6.4
417,loud_babi,92,6.8M,92,12.3
418,jessicacedielnet,2.1K,8.1M,2.12K,2.4
419,valentinazenere,636,10.8M,636,4.2
420,telemundo,44K,10.8M,44.03K,0.1
421,bonuccileo19,2.3K,5.7M,2.30K,1.9
422,elnaz_golrokh,2.2K,5.7M,2.22K,2.9
423,mcdavioficialsr,242,5.7M,242,0.9
424,elalfaeljefe,1K,9.4M,1.04K,2.9
425,ammyvirk,3.7K,6.8M,3.68K,2.5
426,tiffanyhaddish,2.2K,6.8M,2.23K,2.6
427,katyaelisehenry,3.5K,8.1M,3.45K,2.2
428,rantymaria,638,8.1M,638,2
429,issavegas,860,8.1M,860,1.2
430,lojasrenner,2.1K,8.1M,2.15K,0.1
431,mercedesamg,7.1K,15.7M,7.15K,0.4
432,paulwalker,495,14M,495,3.5
433,jeffreestar,6.1K,14M,6.15K,1.2
434,frenchmontana,84,19.4M,84,0.4
435,realmercyaigbe,9K,10.8M,9.03K,0.3
436,astonmartinlagonda,3.3K,10.8M,3.33K,0.4
437,ranzkyle,3.5K,5.7M,3.52K,4.3
438,naughtyworld_,3.6K,9.4M,3.59K,0.7
439,normani,55,6.9M,55,6.9
440,jasminbhasin2806,1.7K,6.9M,1.68K,3.8
441,hudabeautyshop,11.4K,6.8M,11.38K,0.2
442,hollywilloughby,2.9K,8.1M,2.87K,0.2
443,mckevin,0,8.1M,0,5.1
444,halleberry,1.8K,8.1M,1.75K,1.1
445,tiwasavage,114,12.3M,114,1.3
446,icecube,2.4K,19.5M,2.39K,1.1
447,hanaaady,811,5.7M,811,0.3
448,tonyrobbins,1.2K,5.7M,1.16K,0.5
449,danlabilic,291,5.7M,291,6.8
450,imrashamidesai,1.8K,5.7M,1.82K,2.4
451,slipknot,1.2K,5.7M,1.21K,2.3
452,elhamalfadalah,2K,6.9M,1.98K,0.3
453,sueannadoodles,2.8K,8.1M,2.79K,1.5
454,ferrugem,2.9K,8.1M,2.86K,0.5
455,ahickmann,10.3K,14M,10.32K,0.2
456,radwaelsherbiny,1K,12.4M,0.97K,1.2
457,renebaebae,138,10.8M,138,16.4
458,beaalonzo,3K,10.8M,2.95K,1.1
459,markiplier,1.1K,10.8M,1.09K,5.1
460,kevindebruyne,649,19.5M,649,3.3
461,etbilarabi,7.1K,5.8M,7.06K,0.1
462,loud_thurzin,83,5.8M,83,8.5
463,artisthbtl,41,5.8M,41,6.7
464,amrezy,4.9K,5.8M,4.90K,0.6
465,vevo,10.7K,5.8M,10.68K,0.1
466,hollandroden,1.9K,5.8M,1.88K,4.8
467,ellacruz,818,5.8M,818,0.6
468,andressasuita,3.2K,15.7M,3.21K,4.1
469,kamalaharris,3.6K,15.7M,3.59K,2.9
470,pocah,1.1K,15.7M,1.13K,1.5
471,bizarrap,276,15.7M,276,10.1
472,amadorat,499,8.1M,499,7.6
473,skaijackson,1.4K,8.1M,1.40K,4.8
474,soldadoferido,24.5K,8.1M,24.48K,0.4
475,xandaviao,5.5K,9.4M,5.51K,0.6
476,surbhijyoti,2.7K,9.4M,2.68K,2
477,twinklerkhanna,1.7K,6.9M,1.69K,0.9
478,queenrania,1.2K,6.9M,1.23K,2.5
479,leodias,11.3K,12.4M,11.30K,0.5
480,nohastyleicon,8.3K,12.4M,8.30K,0.4
481,lacasadepapel,280,12.4M,280,10.7
482,tiamowry,5.3K,10.9M,5.33K,1.4
483,shuapeck,1.7K,10.9M,1.66K,2.9
484,people,25.5K,10.9M,25.51K,0.3
485,enzozelocchi,530,5.8M,1,3.1
486,wayvofficial,1.1K,5.8M,1.07K,7.7
487,mirko_ok,2K,5.8M,2.03K,0.8
488,francescafarago,1K,5.8M,1.02K,3.4
489,ebitlew,1.6K,5.8M,1.59K,4
490,lukamodric10,602,21.5M,602,2.9
491,dewiperssikreal,6K,15.8M,5.98K,0.2
492,inanna,1.3K,15.7M,1.30K,1.5
493,nytimes,12.8K,15.7M,12.80K,0.3
494,salmarachid.official,229,9.4M,229,0.9
495,irodolffo,2.6K,9.4M,2.57K,4.6
496,patrice.evra,1.2K,9.4M,1.17K,1
497,barstoolsports,13.4K,12.4M,13.42K,0.8
498,brodashaggi,4K,10.9M,3.96K,0.6
499,stassiebaby,1.2K,10.9M,1.21K,7.5
500,itsjojosiwa,5.4K,10.9M,5.41K,2.9
501,luisafernandaw,5.4K,17.6M,5.43K,1.3
502,goldapple,11.5K,5.8M,11.47K,0.1
503,aimeesong,10K,5.8M,9.99K,0.5
504,allalirachid,3.3K,5.8M,3.29K,0.5
505,sooyoungchoi,1.5K,5.8M,1.54K,5.1
506,ifyouhigh,1.6K,5.8M,1.58K,5
507,barbaraderegil,1.5K,8.1M,1.53K,3.1
508,sara_uribe,7.2K,6.9M,7.18K,0.8
509,zaralarsson,404,6.9M,404,2.2
510,juliaroberts,246,9.4M,246,2.1
511,aishwaryaraibachchan_arb,257,9.4M,257,7.1
512,puma,3.5K,12.4M,3.47K,0.4
513,michaelkors,6.3K,17.6M,6.31K,0.1
514,radiojavan,17.1K,17.6M,17.15K,0.4
515,nikesportswear,1.1K,8.1M,1.12K,0.4
516,filmfare,50.4K,6.9M,50.36K,0.1
517,netflix_in,7.6K,6.9M,7.56K,0.9
518,ashnoorkaur,1.5K,9.5M,1.45K,1.8
519,rossbutler,220,9.5M,220,2.5
520,simonettalein,1K,14.1M,0.99K,0.9
521,gabriellasaraivah,4.9K,14.1M,4.91K,1.3
522,asimriaz77.official,1.3K,5.8M,1.32K,3.7
523,malika,2.4K,5.8M,2.37K,2
524,tanamongeau,1.1K,5.8M,1.09K,11.5
525,mankirtaulakh,1.5K,5.8M,1.55K,4
526,asalamaleh,231,5.8M,231,13.1
527,styleartists,5.1K,5.8M,5.08K,0.1
528,neeraj____chopra,278,5.8M,278,12.6
529,jmena,2.9K,5.8M,2.89K,3.6
530,shnurovs,418,5.8M,418,1.9
531,chiomakpotha,341,5.8M,341,0.4
532,dwyanewade,2.6K,19.5M,2.64K,0.4
533,balmain,6.1K,10.9M,6.06K,0.2
534,donjazzy,810,10.9M,810,0.6
535,paulogustavo31,7.3K,15.8M,7.32K,6
536,naisaalifiayuriza,1.2K,8.2M,1.23K,2
537,amcthewalkingdead,4.5K,6.9M,4.52K,1.3
538,faizbaloch_07,3.3K,9.5M,3.28K,1.4
539,twitch,2.5K,5.8M,2.48K,0.3
540,dolbo_tv,69,5.8M,69,1.5
541,fun_bestvids,2.1K,5.8M,2.12K,0.4
542,rafaella,1.2K,5.8M,1.25K,1.5
543,mevidyutjammwal,452,5.8M,452,5.8
544,benazelart,718,5.8M,718,9.6
545,xxxibgdrgn,2.7K,21.6M,2.71K,4.4
546,bryant,1.4K,8.2M,1.35K,3.2
547,elcinsangu,271,8.2M,271,4.7
548,alexisren,734,14.1M,734,3.7
549,chelseaislan,1K,14.1M,1.02K,0.5
550,elliegoulding,626,14.1M,626,0.6
551,akadanidaniels,14.1K,6.9M,14.06K,1.2
552,thrashermag,10.1K,6.9M,10.14K,1.4
553,chynomiranda,5K,6.9M,5.04K,1.1
554,ivanaalawi,366,6.9M,366,7.6
555,janetjackson,1.5K,6.9M,1.46K,1.3
556,jaspritb1,661,9.5M,661,5.6
557,thiago6,457,9.5M,457,3.4
558,creators,1K,9.5M,0.95K,0.2
559,maxgalkinru,2.5K,9.5M,2.47K,1.6
560,kajol,716,12.4M,716,2.3
561,briandadeyanara,287,12.4M,287,4.3
562,melissamelmaia,3K,12.4M,3K,6.4
563,anastasiya_kvitko,1.1K,12.4M,1.07K,1.3
564,dukissj,28,5.8M,28,7.4
565,juanjaramilloe,2.6K,5.8M,2.63K,0.6
566,sherrihill,8.9K,5.8M,8.94K,0.6
567,frenkiedejong,382,10.9M,382,7
568,cazzu,318,10.9M,318,6.6
569,iamamyjackson,479,10.9M,479,0.6
570,ncentineo,383,17.7M,383,6.7
571,angelababyct,0.9K,8.2M,0.93K,1.3
572,itsmarziapie,1.7K,8.2M,1.67K,9.1
573,willyrex,835,8.2M,835,10
574,punpun_sutatta,2.6K,8.2M,2.57K,1
575,6ix9ine,140,21.6M,140,10.4
576,sidmalhotra,1.1K,21.6M,1.14K,2.9
577,gatenm123,0.9K,14.1M,0.90K,6.3
578,zefelipecantor,567,14.1M,567,2.9
579,lucaskokapenteado,498,9.5M,498,3.7
580,natgeoadventure,7.7K,9.5M,7.66K,0.2
581,rvcjinsta,121.2K,9.5M,121.17K,0.7
582,munisarizaeva,4.1K,5.8M,4.11K,0.9
583,sameer_mark,3.2K,5.8M,3.17K,1.2
584,nipseyhussle,2.2K,5.8M,2.18K,10.1
585,jumana_khan_,2.3K,5.8M,2.34K,1.4
586,leilahadioui,4.1K,5.8M,4.09K,0.4
587,rudymancuso,2.1K,12.5M,2.11K,0.8
588,angelasimmons,13.3K,6.9M,13.33K,0.8
589,antdavis23,441,6.9M,441,5.8
590,atifaslam,464,6.9M,464,5.4
591,avicii,1.3K,6.9M,1.29K,13.9
592,lilyrose_depp,378,6.9M,378,8.9
593,muratboz,887,10.9M,887,1.8
594,gabyespino,7.2K,10.9M,7.23K,1.2
595,irfanhakim75,8.9K,19.6M,8.90K,0.2
596,thiagosilva,2.2K,19.6M,2.18K,1.3
597,kendralust,1.2K,8.2M,1.22K,1.2
598,hungria_oficial,2,8.2M,2,2.2
599,chidinmaekile,57,8.2M,57,0.3
600,mirelajanis,1.6K,8.2M,1.55K,3.9
601,ebi,1.8K,8.2M,1.81K,3.8
602,sarahlahbati,3K,8.2M,3.01K,1.2
603,marianarios,6.1K,8.2M,6.08K,0.5
604,charlieputh,42,15.9M,42,3.8
605,brunogagliasso,6.1K,21.7M,6.10K,0.5
606,kylieskin,2.1K,5.8M,2.13K,0.5
607,leopicon,4.2K,5.8M,4.21K,1
608,official_g_i_dle,1.9K,5.8M,1.87K,2.9
609,buzzfeed,15.1K,5.8M,15.14K,0.2
610,nishabhattofficial77,1.4K,5.8M,1.37K,1.3
611,netflixes,3.4K,5.8M,3.44K,0.7
612,manurios,265,10.9M,265,8.4
613,dcyoungfly,9.8K,10.9M,9.81K,0.9
614,joebiden,1.7K,17.7M,1.69K,3.8
615,twhiddleston,49,9.5M,49,8.8
616,rogerfederer,397,9.5M,397,5.5
617,nengoflowofficial,3.9K,6.9M,3.94K,2.1
618,kblock43,12.5K,6.9M,12.47K,0.4
619,maradona,0.9K,6.9M,0.91K,4.6
620,simonebiles,2.5K,6.9M,2.48K,2
621,pevpearce,1.1K,14.1M,1.09K,1.5
622,diamondplatnumz,9.2K,14.1M,9.23K,0.8
623,ginaindelicada,2.8K,7M,2.81K,3.7
624,netflixfr,3.7K,7M,3.68K,1.7
625,tasyafarasya,2.3K,5.8M,2.33K,2
626,mariotestino,2.3K,5.8M,2.34K,0.4
627,lucas_lira,0.9K,5.8M,0.92K,10
628,idriselba,159,5.8M,159,1
629,nupursanon,643,5.8M,643,2.1
630,portugal,5.3K,12.5M,5.27K,2
631,stebinben,174,12.5M,174,1.3
632,nashgrier,1.4K,11M,1.41K,1.8
633,dennycagur,3.5K,11M,3.51K,0.3
634,pele,775,11M,775,2.6
635,winmetawin,675,14.1M,675,6.7
636,tommyhilfiger,339,14.1M,339,0.1
637,equipedefrance,4.8K,8.2M,4.84K,0.8
638,kto_takaya,2.3K,7M,2.26K,7
639,eizagonzalez,467,7M,467,5.6
640,miamiheat,12.9K,5.8M,12.94K,0.8
641,sushmitasen47,1.4K,5.8M,1.39K,2.7
642,guaynaa,512,5.8M,512,2.9
643,mascherano14,489,5.8M,489,2.7
644,lukebryan,1.5K,5.8M,1.55K,0.9
645,time,7.6K,11M,7.63K,0.2
646,bobmarley,2.7K,5.9M,2.72K,1.3
647,superstar_dewasi99,198,5.9M,198,6.3
648,lancomeofficial,822,5.9M,822,0.1
649,ngoctrinh89,2.9K,5.9M,2.94K,1.2
650,hiramaniofficial,3.9K,5.9M,3.93K,1.3
651,monicadenise,117,12.5M,117,0.7
652,araujovivianne,6.6K,14.1M,6.59K,1
653,colorful,20.8K,8.2M,20.83K,0.2
654,nimratkhairaofficial,251,8.2M,251,3.4
655,thuggerthugger1,31,8.2M,31,4.3
656,donatella_versace,1.3K,8.2M,1.31K,2.3
657,myfabolouslife,7.1K,8.2M,7.07K,1.2
658,juliapuzzuoli,1.3K,8.2M,1.26K,1.8
659,twentyonepilots,1.3K,8.2M,1.29K,6.1
660,hugogloss,42.9K,19.6M,42.86K,0.4
661,rawan,2.1K,7M,2.07K,1.3
662,melissapmarizzle,157,7M,157,2.9
663,history,3.3K,7M,3.28K,0.4
664,lambe_turah,14.5K,11M,14.48K,0.8
665,yuvisofficial,1K,15.9M,1.05K,1.7
666,thedeverakonda,322,17.7M,322,8.6
667,evaluna,1.5K,19.7M,1.53K,5.9
668,vickykaushal09,1.3K,14.2M,1.31K,8.4
669,cbum,1.9K,12.5M,1.90K,6.1
670,madelyncline,132,12.5M,132,10
671,remyma,1K,8.2M,0.95K,2.6
672,donomar,84,8.2M,84,0.7
673,hmhome,2.3K,5.9M,2.31K,0.5
674,officiallymcconaughey,209,5.9M,209,3.7
675,daisykeech,829,5.9M,829,2.8
676,mehraveee,529,5.9M,529,2.5
677,rajkummar_rao,645,5.9M,645,5.3
678,alvxaro,587,5.9M,587,10.4
679,_aashikabhatia_,3.3K,5.9M,3.33K,2.2
680,madslewis,77,7M,77,5.7
681,andreavaldirisos,371,7M,371,12.9
682,iamhearte,14.3K,11M,14.28K,0.5
683,kodakblack,8,11M,8,3.6
684,sebas,1.1K,11M,1.12K,1.1
685,shrutzhaasan,2.4K,21.7M,2.38K,0.8
686,discovery,3.9K,17.7M,3.86K,0.3
687,ridwankamil,7.7K,17.7M,7.68K,0.5
688,elfcosmetics,7.9K,5.9M,7.87K,0.3
689,yogotti,60,5.9M,60,1
690,ashtonirwin,111,5.9M,111,4.3
691,diljitdosanjh,8.6K,14.2M,8.58K,2.4
692,machinegunkelly,377,9.5M,377,7.7
693,vjwoonsen,10.3K,9.5M,10.30K,0.3
694,pautips,3.7K,8.2M,3.75K,1.2
695,fatosdesconhecidos,6.5K,8.2M,6.45K,0.6
696,lynaritaa,470,7M,470,2.6
697,sakshimalikk,1.3K,7M,1.29K,2.4
698,ekremimamoglu,10.6K,7M,10.61K,1.5
699,natalee.007,425,7M,425,5.6
700,kellyrowland,1.2K,11M,1.20K,1.8
701,realbarbarapalvin,1.8K,15.9M,1.81K,9
702,flamengo,32.7K,15.9M,32.66K,0.7
703,tammyhembrow,3.5K,15.9M,3.50K,0.7
704,wonderful_places,7.9K,21.7M,7.86K,0.4
705,jessiej,252,9.6M,252,1.3
706,bronny,12,5.9M,12,21.5
707,theeconomist,16.1K,5.9M,16.12K,0.1
708,dejloaf,9,5.9M,9,0.7
709,funny,4.5K,5.9M,4.55K,0.3
710,laurenconrad,1.7K,5.9M,1.69K,1.3
711,joselyncano,260,12.6M,260,2.1
712,kkvsh,357,8.3M,357,3.4
713,baifernbah,4.1K,8.3M,4.14K,1.9
714,jennettemccurdy,136,8.2M,136,1.1
715,sunanda_ss,852,7M,852,1.4
716,anygabriellyofficial,1.2K,7M,1.16K,5.8
717,ppteamrafa,1.4K,7M,1.35K,1.2
718,michaeljackson,0.9K,7M,0.90K,2.7
719,andreybatt,840,7M,840,1.9
720,kajalaggarwalofficial,1.9K,21.8M,1.94K,2.8
721,miketyson,1.1K,17.8M,1.06K,1.4
722,starbucks,2.4K,17.8M,2.44K,0.4
723,bt21_official,1.2K,5.9M,1.25K,2.8
724,sonideas,11.9K,5.9M,11.94K,0.5
725,epicgames,2.1K,5.9M,2.10K,0.4
726,julianabonde,793,5.9M,793,5.5
727,ignaciaa_antonia,769,9.6M,769,4.6
728,cavaniofficial21,1.1K,9.6M,1.08K,1.8
729,filmymantramedia,9.8K,7M,9.82K,0
730,reynmen,48,7M,48,9.7
731,nbatv,27K,7M,27.02K,0.3
732,sarahjessicaparker,2.4K,8.3M,2.40K,1.1
733,tulsikumar15,3.5K,8.3M,3.52K,1
734,quavohuncho,4.4K,21.8M,4.37K,1.4
735,bbcnews,15.4K,21.8M,15.41K,0.3
736,catriona_gray,2.1K,11M,2.14K,2.5
737,silambarasantrofficial,166,11M,166,2.6
738,sophiedee,441,12.6M,441,1.5
739,pornhub,5.6K,12.6M,5.60K,0.6
740,lucianohuck,3K,19.7M,3.04K,0.8
741,rosalia.vt,0.9K,19.7M,0.91K,7.8
742,mikasingh,3.5K,5.9M,3.55K,0.3
743,actorsuriya,38,5.9M,38,16.3
744,boity,2.5K,5.9M,2.48K,1.2
745,celsoportiolli,5.1K,9.6M,5.08K,0.3
746,jailyneojeda,420,14.2M,420,2.5
747,powerofpositivity,16K,7M,15.96K,0.4
748,imbrittanya,227,7M,227,2.9
749,coinmasterofficial,0.9K,7M,0.95K,0.4
750,parmishverma,1.8K,7M,1.80K,1.6
751,liltjay,2,7M,2,4.8
752,ashleybenson,2.4K,21.8M,2.39K,1.2
753,iremderici,701,8.3M,701,0.9
754,michaelronda,598,8.3M,598,0.8
755,disneyland,2K,8.3M,2.02K,0.8
756,candiceking,1.9K,9.6M,1.94K,5.1
757,karimepindter,1.4K,5.9M,1.40K,2.4
758,residente,2.9K,5.9M,2.91K,2.6
759,sctv,24.5K,5.9M,24.49K,0.3
760,trolls_official,163.2K,7.1M,163.19K,0.2
761,botanovna_,3.7K,7M,3.68K,7.3
762,anilorak,3.9K,7M,3.85K,1.5
763,nct,2.5K,14.2M,2.45K,8
764,audi,2.4K,16M,2.42K,0.6
765,malaikaaroraofficial,3.3K,16M,3.26K,1.1
766,fernandasouzaoficial,6.1K,21.8M,6.15K,0.7
767,rakulpreet,1.6K,21.8M,1.61K,1.4
768,charles_leclerc,1.1K,9.6M,1.05K,6.3
769,urstrulymahesh,414,8.3M,414,5.8
770,tarasutaria,803,8.3M,803,4.7
771,mauochmann,819,8.3M,819,3.5
772,freefirelatam,2.2K,8.3M,2.23K,0.9
773,gopro,7.3K,19.8M,7.31K,0.3
774,theonlykiaramia,1.6K,5.9M,1.63K,0.3
775,whitegirlpoliticking,1.2K,5.9M,1.16K,1.7
776,jennaortega,1.4K,5.9M,1.37K,7.2
777,germangarmendia,544,14.3M,544,7
778,billboard,19.1K,14.3M,19.15K,0.4
779,mercedesbenz_de,7.8K,7.1M,7.81K,0.3
780,manishmalhotra05,6.7K,7.1M,6.70K,0.6
781,richforever,899,16M,899,0.7
782,serenawilliams,2K,16M,2.01K,1.2
783,_irishbella_,1.1K,21.8M,1.07K,0.6
784,rodrigofaro,4K,21.8M,4.03K,0.6
785,magazineluiza,2.5K,5.9M,2.49K,0.1
786,oye_indori,1K,5.9M,1K,7.7
787,therealkarismakapoor,1.9K,5.9M,1.91K,2
788,superjanella,1.5K,7.1M,1.52K,3.6
789,jessnolimit,382,7.1M,382,4.2
790,jessica.syj,1.1K,11.1M,1.08K,2.2
791,alvaromorte,426,11.1M,426,5.9
792,trippieredd,3,12.6M,3,7.3
793,earthfocus,10.2K,9.6M,10.25K,1.1
794,thalia,10.3K,19.8M,10.26K,0.4
795,gianlucavacchi,3.2K,19.8M,3.18K,4.9
796,ticipinheiro,9.4K,8.3M,9.36K,1
797,jackieappiah,1K,8.3M,0.98K,0.9
798,dulcemaria,2.6K,8.3M,2.63K,5.7
799,realpz,1.1K,8.3M,1.14K,2.4
800,anamosconi,1K,8.3M,1.04K,3.1
801,agusbernasconi07,1.1K,7.1M,1.08K,1.7
802,thechainsmokers,1,7.1M,1,4.7
803,trevornoah,700,7.1M,700,3.1
804,nianaguerrero,1.1K,14.3M,1.15K,4.3
805,pewdiepie,773,21.9M,773,7.6
806,bclsinclair,5.2K,21.9M,5.22K,0.9
807,aurakasih,2.2K,11.1M,2.16K,0.4
808,jaguar,2.9K,12.6M,2.88K,0.4
809,pabllovittar,2.9K,12.6M,2.93K,1.9
810,joellemardinian,9.8K,19.8M,9.81K,0.4
811,popstantot,335,5.9M,335,5.2
812,gymshark,555,5.9M,555,0.5
813,mylifeaseva,311,8.3M,311,3.3
814,oliviapalermo,1.9K,7.1M,1.87K,0.5
815,alissonbecker,1K,7.1M,0.98K,4.1
816,calvinklein,6.4K,21.9M,6.43K,0.2
817,hegdepooja,1.5K,21.9M,1.47K,3.5
818,7_luhan_m,189,12.6M,189,6.5
819,natgeowild,6.3K,12.6M,6.28K,0.4
820,foodnetwork,20.2K,12.6M,20.21K,0.1
821,balqeesfathi,4.4K,11.1M,4.38K,0.4
822,leaelui,530,11.1M,530,8.2
823,wizkidayo,32,16.1M,32,2.2
824,tenlee_1001,254,6M,254,23.4
825,enjoyphoenix,1.9K,6M,1.86K,1.3
826,paula_verhoeven,1.7K,6M,1.66K,1.3
827,betches,10.6K,8.3M,10.60K,1.1
828,mclarenauto,5K,9.7M,5.02K,0.4
829,kaigreene,3.4K,7.1M,3.38K,0.7
830,jokatemwegelo,1.6K,7.1M,1.56K,0.2
831,rambodjavan1,2.7K,11.1M,2.66K,1
832,anupamaparameswaran96,1.2K,11.1M,1.23K,5.2
833,keke,4.1K,11.1M,4.15K,1
834,ralphlauren,7.2K,14.3M,7.21K,0.1
835,mikhail_litvin,513,14.3M,513,8.6
836,demirose,511,19.8M,511,1.8
837,jessicaalba,4.6K,19.8M,4.56K,0.7
838,landonorris,1.7K,6M,1.67K,10.1
839,riyadmahrez26.7,447,9.7M,447,4.2
840,bypamella,773,9.7M,773,4
841,iamsofiaandres,1.5K,8.3M,1.55K,0.6
842,only1jshea,60,7.1M,60,0.8
843,lilly,5K,12.7M,5.05K,0.7
844,anacheri,0.9K,12.7M,0.94K,0.7
845,johannafadul,3K,6M,3.04K,1.2
846,coach,6.3K,6M,6.32K,0.1
847,toochi_kash,829,6M,829,1.3
848,abdevilliers17,649,19.9M,649,2.9
849,galileamontijo,5.9K,9.7M,5.87K,0.8
850,violadavis,3.2K,8.3M,3.20K,1.5
851,nastya_nass_,439,8.3M,439,7.7
852,greysabc,2.3K,8.3M,2.27K,4.5
853,lanacondor,698,11.2M,698,7.4
854,karenwazen,4.4K,7.1M,4.36K,2.8
855,scary,6.6K,7.1M,1,0
856,maiomar_,806,7.1M,806,2.4
857,iamandalioloisa,0.9K,9.7M,0.93K,1
858,montaner,2.9K,8.4M,2.86K,1.9
859,angela_aguilar_,1.3K,7.1M,1.28K,8.4
860,faz3,2.4K,14.4M,2.40K,3
861,showimah,3.5K,14.4M,3.52K,0.2
862,sahilkhan,4K,11.2M,4.02K,2.3
863,yara,5K,11.2M,5.01K,0.2
864,ferdinan_sule,1.8K,6M,1.76K,1.4
865,loud_miih,170,6M,170,4
866,mercedesbenzusa,12K,6M,11.99K,0.1
867,kajalafrida,4K,6M,4.03K,0.7
868,_jeongjaehyun,76,12.7M,76,20.8
869,swaelee,250,9.7M,250,1.6
870,aidanrgallagher,2.6K,7.1M,2.61K,8.8
871,onedirection,733,22M,733,17.5
872,oharaingrid,1.2K,11.2M,1.24K,1.7
873,simoneesimaria,6.6K,19.9M,6.58K,1
874,_imyour_joy,1K,14.4M,0.99K,4.7
875,washingtonpost,12.7K,6M,12.72K,0.7
876,haniszalikha,7.4K,6M,7.40K,1.9
877,flor_de_p,4.3K,6M,4.33K,0.8
878,dogs.lovers,1.6K,6M,1.64K,0.6
879,mindykaling,5.3K,6M,5.27K,2.1
880,rm_bighitentertainment,62,8.4M,62,16.9
881,shopee_id,12.2K,8.4M,12.25K,0.2
882,miyayeah,2.9K,8.4M,2.85K,3
883,dccomics,4.3K,12.7M,4.35K,0.3
884,anamaria16,8.4K,12.7M,8.37K,0.4
885,memphisdepay,1.9K,16.1M,1.87K,1.5
886,ritaora,414,16.1M,414,0.8
887,kingbach,5K,22M,4.97K,1.3
888,yasmine_sabri,1.2K,14.4M,1.16K,3.9
889,angeldimariajm,1.3K,19.9M,1.25K,2.3
890,jessicabiel,816,11.2M,816,1.7
891,alluarjunonline,463,11.2M,463,10.4
892,katedelcastillo,3.2K,8.4M,3.19K,1.2
893,hyunah_aa,5.5K,16.1M,5.48K,3.5
894,aditi_bhatia4,175,6M,175,3.6
895,leroysane,609,6M,609,3.8
896,toguro,7.2K,6M,7.20K,1.6
897,citraciki,2.4K,12.7M,2.35K,2
898,advice,43.6K,12.7M,43.63K,0.2
899,virendersehwag,1.5K,7.2M,1.45K,3.1
900,virgilabloh,4.5K,7.2M,4.51K,1.8
901,alexmorgan13,1.1K,9.7M,1.07K,2.4
902,forever21,7.4K,14.4M,7.43K,0
903,raghavjuyal,2.3K,11.2M,2.25K,2.2
904,jassmanak,1K,8.4M,0.96K,2.4
905,thebriebella,4.7K,8.4M,4.70K,1.3
906,missalena.92,3.8K,6M,3.82K,1.1
907,loud_bak,146,6M,146,7.2
908,priscillaalcantara,55,6M,55,4.3
909,mariobautista,344,6M,344,1.1
910,ederbez,1K,16.2M,1.03K,2.3
911,jesselingard,648,9.7M,648,2.8
912,mahirahkhan,1.2K,9.7M,1.21K,1.6
913,laurenlondon,1.5K,9.7M,1.48K,7.9
914,igorjansen,1.7K,7.2M,1.70K,1.8
915,balleralert,50.9K,7.2M,50.94K,0.2
916,priya.p.varrier,743,7.2M,743,2.1
917,poojadhingra,4.7K,7.2M,4.68K,0
918,hannahstocking,1.3K,22M,1.31K,1.8
919,ashishchanchlani,1.6K,14.4M,1.59K,8.6
920,chadwickboseman,389,11.2M,389,19.8
921,wakeupandmakeup,20.4K,11.2M,20.40K,0.1
922,therealcalebmclaughlin,691,11.2M,691,5.8
923,noahschnapp,165,20M,165,11.1
924,kaka,1.4K,17.9M,1.40K,1.1
925,6pri1,410,6M,410,2.6
926,britishvogue,12.1K,6M,12.13K,0.3
927,normanthavaud,1.4K,6M,1.35K,2.7
928,maherzainofficial,1.5K,6M,1.49K,1
929,brazzersofficial,616,12.8M,616,0.5
930,pubgmobile,2.4K,9.8M,2.40K,1.3
931,pitbull,2.3K,9.8M,2.34K,0.6
932,thbarbosa,7.2K,9.8M,7.15K,0.6
933,rap,30.5K,9.8M,30.47K,1.1
934,lojasamericanas,24.2K,9.8M,24.19K,0
935,toeyjarinporn,9K,7.2M,8.98K,0.9
936,princeroyce,2K,14.5M,1.98K,0.7
937,kimshantal,272,11.2M,272,2.3
938,burberry,6.5K,20M,6.55K,0.2
939,khushi.vivekchoudhary,4K,8.4M,3.95K,1.8
940,andreapirlo21,496,8.4M,496,3.6
941,neelofa,2.3K,8.4M,2.29K,2.4
942,cosculluela,154,8.4M,154,2
943,nattyiceofficial,97,6M,97,17.6
944,jessicasimpson,1.2K,6M,1.15K,1.8
945,daniellachavezofficial,380,16.2M,380,0.7
946,leosantana,0.9K,16.2M,0.92K,1.1
947,miumiu,5.7K,9.8M,5.74K,0.1
948,bundesliga,25.3K,9.8M,25.30K,0.2
949,nature,7.5K,9.8M,7.48K,1.2
950,christinamilian,9.5K,7.2M,9.55K,1.2
951,da2_rizki123,161,7.2M,161,0.2
952,tovinothomas,3.3K,7.2M,3.32K,4
953,mlb,30.3K,7.2M,30.34K,1.2
954,carlosferiag,1.7K,7.2M,1.69K,1.5
955,leonardo,2K,14.5M,1.96K,0.7
956,gessicakayane,2.7K,20M,2.69K,2.2
957,f1,16.7K,20M,16.74K,1.4
958,taylor_hill,2.4K,20M,2.35K,1.5
959,euro2024,8.6K,11.3M,8.59K,0.6
960,adnaan_07dz,3.5K,11.2M,3.50K,1.4
961,8fact,8.2K,8.4M,8.21K,1
962,ezomola,1.9K,6M,1.92K,4.8
963,souljaboy,7.7K,6M,7.72K,1.1
964,soycintiacossio,331,6M,331,5.5
965,ulugbekhon,410,6M,410,2.6
966,soyummy,2.9K,9.8M,2.93K,0.6
967,chinamcclain,2.3K,7.2M,2.28K,5.5
968,wolperstylish,2.9K,7.2M,2.94K,0.1
969,neivamara,833,7.2M,833,2.2
970,rishabpant,339,7.2M,339,7
971,daquan,8.2K,16.2M,8.24K,3
972,badabun,14.1K,16.2M,14.14K,0.1
973,iza,2.1K,14.5M,2.10K,4
974,karrueche,186,12.8M,186,0.7
975,taapsee,2.7K,20M,2.71K,0.9
976,neslihanatagul,544,11.3M,544,9.9
977,gwenstefani,1.7K,11.3M,1.70K,1.1
978,erling.haaland,156,6.1M,156,12.1
979,npr,7.7K,6.1M,7.74K,0.3
980,sharfonseca,752,6.1M,752,4.1
981,elleusa,9.7K,6.1M,9.68K,0.3
982,rahimabramov,36,6.1M,36,5.8
983,mirandacosgrove,1.2K,9.8M,1.23K,4.6
984,ponysmakeup,890,7.2M,890,1.6
985,comedy,2.1K,7.2M,2.09K,0.3
986,yg,0,7.2M,0,4
987,mariaalice,110,7.2M,110,17.4
988,anitahassanandani,4K,7.2M,4.03K,2.3
989,corinthians,22.9K,7.2M,22.91K,0.7
990,lilpump,2,16.2M,2,4.5
991,pharrell,330,12.8M,330,0.8
992,bulgari,5.1K,12.8M,5.08K,0.2
993,jimmychoo,2.3K,11.3M,2.27K,0.2
994,dudeperfect,2.9K,11.3M,2.94K,1.9
995,lalioficial,6.7K,11.3M,6.75K,2.5
996,__youngbae__,874,11.3M,874,2.8
997,miamalkova,609,11.3M,609,2
998,thedailyshow,5.4K,8.5M,5.45K,0.7
999,gameofthrones,855,8.5M,855,4.2
1000,marquistrill,12,8.4M,12,1.7
1001,pink,1.6K,8.4M,1.57K,4.1
1002,kyrieirving,341,18M,341,1.7
1003,dodgeofficial,3.1K,6.1M,3.12K,1.7
1004,trentarnold66,477,6.1M,477,6.7
1005,sidhu_moosewala,156,6.1M,156,11.3
1006,sterling7,777,9.8M,777,1.6
1007,ygtrece,1.5K,9.8M,1.51K,1.6
1008,espn,31.7K,22.1M,31.68K,0.5
1009,sofiacarson,1.7K,16.2M,1.73K,4.1
1010,jhope_bighitentertainment,62,8.5M,62,18
1011,underarmour,3.5K,8.5M,3.47K,0.2
1012,taylerholder,1K,6.1M,1.02K,10.2
1013,tamannaahspeaks,1.7K,16.3M,1.69K,2.1
1014,mohanshakti,2K,16.3M,1.99K,1.6
1015,liltunechi,255,16.3M,255,0.8
1016,laflare1017,615,14.5M,615,2.5
1017,aron.piper,38,14.5M,38,12.1
1018,jheneaiko,2.5K,12.8M,2.52K,3.7
1019,brucelee,4K,7.2M,4.02K,0.3
1020,whydontwemusic,1K,7.2M,0.97K,3
1021,thibautcourtois,1.1K,7.2M,1.08K,1.3
1022,anabreco,2.2K,7.2M,2.19K,2.5
1023,vanityfair,9.2K,7.2M,9.20K,0.3
1024,symplysimi,176,8.5M,176,1.6
1025,henryl89,651,8.5M,651,2.5
1026,lucas_xx444,131,8.5M,131,22.7
1027,cnn,12.9K,18M,12.93K,0.4
1028,kareenakapoorkhan,537,9.8M,537,4.9
1029,i_nivethathomas,0.9K,6.1M,0.91K,5.8
1030,marshanda99,2.5K,6.1M,2.49K,0.3
1031,iluvsarahii,3.3K,6.1M,3.26K,1.5
1032,carasbrasil,17.6K,6.1M,17.63K,0.5
1033,vismaramartina,180,6.1M,180,3.6
1034,spacex,491,16.3M,491,1.9
1035,juliabarretto,1.9K,11.3M,1.89K,1.7
1036,xbox,1.1K,12.8M,1.10K,1.3
1037,bryanttmyers,51,7.2M,51,3
1038,meagangood,4K,7.2M,4.05K,0.8
1039,nodal,61,7.2M,61,9.1
1040,gabunion,4.2K,20.1M,4.19K,1.1
1041,parishilton,12.2K,20.1M,12.24K,0.3
1042,gagara1987,3.4K,8.5M,3.39K,2.2
1043,xtina,815,8.5M,815,1.6
1044,sonyelectronics,2K,8.5M,2.04K,0.2
1045,aliiiiiiiikarimi8,457,8.5M,457,6.9
1046,iss,2.9K,8.5M,2.85K,0.7
1047,hoodclips,5.2K,11.3M,5.18K,0.6
1048,sashapieterse,1.6K,11.3M,1.62K,3
1049,danawhite,7.6K,6.1M,7.59K,0.5
1050,anveshi25,3.1K,6.1M,3.10K,1.3
1051,riverplate,9.8K,6.1M,9.78K,1.9
1052,mariale,5.8K,6.1M,5.85K,0.9
1053,volkswagen,3.2K,9.9M,3.15K,0.1
1054,thenewclassic,101,14.6M,101,3.8
1055,stradivarius,3.3K,7.3M,3.29K,0.1
1056,razer,3.4K,7.3M,3.36K,0.5
1057,newyorkermag,10.3K,7.2M,10.34K,0.5
1058,deiveleonardo,2.4K,12.9M,2.37K,3.3
1059,iammichelemorroneofficial,604,12.8M,604,9
1060,toofaced,9.6K,12.8M,9.61K,0.1
1061,mohamedramadanws,2.9K,20.1M,2.93K,0.9
1062,colorstv,32.2K,6.1M,32.20K,0.3
1063,randyorton,318,6.1M,318,4.5
1064,fedeevalverde,438,6.1M,438,5.7
1065,maneskinofficial,300,6.1M,300,0.7
1066,sukrankaymak,2.9K,6.1M,2.94K,0.6
1067,shehnaazgill,1.2K,11.3M,1.21K,7.8
1068,karliekloss,3.6K,11.3M,3.65K,0.2
1069,camilacoelho,11.8K,9.9M,11.83K,1
1070,laurenjauregui,1.5K,8.5M,1.54K,3.6
1071,megandomani1410,705,8.5M,705,1.3
1072,gildovigor,224,14.6M,224,14.3
1073,bianca,6.9K,18M,6.86K,1.5
1074,madonna,5.4K,18M,5.38K,0.8
1075,acmilan,11.1K,12.9M,11.12K,0.6
1076,adamlevine,622,12.9M,622,1.5
1077,bambam1a,366,12.9M,366,10.7
1078,kehlani,632,12.9M,632,4.1
1079,zareenkhan,1.3K,12.9M,1.32K,0.9
1080,hilaryduff,2.9K,20.1M,2.88K,0.9
1081,cleo,3.2K,20.1M,3.16K,2.1
1082,coileray,218,6.1M,218,3.5
1083,penelopecruzoficial,1.3K,6.1M,1.27K,1.9
1084,ross_lynch,1.2K,11.3M,1.22K,10.7
1085,iniedo,1.9K,11.3M,1.86K,0.3
1086,oboticario,4.5K,9.9M,4.48K,0.1
1087,weareone.exo,2.1K,9.9M,2.12K,6.7
1088,ppteamlesslie,1K,8.5M,1K,2.3
1089,lisakudrow,206,8.5M,206,5.8
1090,joejonas,4.2K,12.9M,4.16K,1.5
1091,mterstegen1,660,12.9M,660,4.3
1092,nglkante,163,12.9M,163,8.3
1093,keerthysureshofficial,783,12.9M,783,5
1094,diplo,7.3K,6.1M,7.30K,1.3
1095,amira_riaa,2.4K,6.1M,2.38K,1.9
1096,tomford,2.9K,9.9M,2.86K,0.2
1097,garyvee,7.4K,9.9M,7.40K,0.7
1098,jayshetty,5.9K,8.5M,5.86K,2.1
1099,americanstyle,17.7K,8.5M,17.71K,0.4
1100,sadiomaneofficiel,246,8.5M,246,6
1101,jungkook_bighitentertainment,58,8.5M,58,23
1102,thekatvond,4.5K,8.5M,4.49K,0.5
1103,sethrogen,401,8.5M,401,2.6
1104,dailyart,11.3K,8.5M,11.35K,1
1105,johnlegend,2.4K,14.6M,2.43K,1.1
1106,jakepaul,1.2K,20.2M,1.18K,2.4
1107,tylerposey58,1.3K,6.1M,1.30K,3.1
1108,sechmusic,1,6.1M,1,1.4
1109,marioruiz,2.1K,6.1M,2.08K,1.7
1110,soyandreazuniga,147,6.1M,147,3.1
1111,kirakosarin,5.2K,6.1M,5.24K,2.6
1112,rayvanny,1.3K,6.1M,1.31K,0.6
1113,upasanakaminenikonidela,1.1K,6.1M,1.06K,3.3
1114,smriti_mandhana,311,6.1M,311,9.4
1115,zoeisabellakravitz,1.4K,6.1M,1.37K,4
1116,rafakalimann,1.7K,22.3M,1.70K,2.8
1117,schwarzenegger,1K,22.3M,0.99K,1.2
1118,fallontonight,4.6K,11.4M,4.62K,0.7
1119,fazeclan,3.9K,11.4M,3.90K,1.2
1120,giovannachaves,2.4K,11.4M,2.43K,0.8
1121,cartier,2.5K,11.4M,2.51K,0.2
1122,lukehemmings,619,7.3M,619,6.1
1123,nikitasharma_official,2.2K,7.3M,2.24K,0.6
1124,sergiroberto,1K,7.3M,0.98K,2.7
1125,therealdisastr,6.1K,7.3M,6.08K,0.4
1126,narins_beauty,494,7.3M,494,7.9
1127,jeep,3.4K,7.3M,3.36K,0.9
1128,nargisfakhri,497,7.3M,497,1.1
1129,gianluigibuffon,827,9.9M,827,3
1130,florencepugh,1.4K,8.5M,1.38K,6.8
1131,ngakakkocak,77.4K,8.5M,77.45K,0.5
1132,raphaelvarane,1.1K,20.2M,1.11K,1.7
1133,porsha4real,7.1K,6.1M,7.12K,0.8
1134,zindagi.gulzar.h,3.6K,6.1M,3.61K,1.2
1135,karllagerfeld,2.8K,6.1M,2.78K,0.2
1136,rizkyfbian,2.6K,11.4M,2.57K,2.3
1137,mleblanc,99,7.3M,99,11
1138,jonasbrothers,801,7.3M,801,2.6
1139,dewisandra,1.9K,7.3M,1.91K,0.8
1140,daniela_ospina5,2.8K,7.3M,2.77K,0.7
1141,rasheeda,3.3K,9.9M,3.31K,0.5
1142,daraxxi,3.5K,9.9M,3.50K,1.5
1143,patriciaabravanel,3.7K,9.9M,3.70K,0.7
1144,elnazshakerdoost,886,8.6M,886,2.2
1145,jerrysmithoficial,2K,8.5M,2K,0.4
1146,gretathunberg,889,14.6M,889,1.8
1147,najwakaram,1.9K,12.9M,1.95K,0.4
1148,littlemix,4.1K,16.4M,4.09K,1.5
1149,realpaigewwe,2,6.2M,2,2.9
1150,ratantata,52,6.2M,52,14.9
1151,nathalieemmanuel,2.3K,6.2M,2.28K,1.5
1152,yslbeauty,662,9.9M,662,0.1
1153,charlottegshore,312,7.3M,312,0.6
1154,yunus,16,7.3M,16,1.6
1155,karishmaktanna,3.4K,7.3M,3.39K,1.4
1156,lego,3.6K,7.3M,3.56K,1
1157,julietibrahim,2K,7.3M,1.97K,0.2
1158,sashameneghel,639,7.3M,639,1.8
1159,tchalamet,101,18.1M,101,16.7
1160,nyxcosmetics,11.3K,14.7M,11.35K,0.1
1161,instagramforbusiness,405,14.7M,405,0.3
1162,lmao,5.2K,8.6M,5.24K,0.4
1163,shikhardofficial,1.7K,12.9M,1.71K,3.4
1164,miralem_pjanic,1.1K,6.2M,1.12K,3
1165,j_corden,64,6.2M,64,2.3
1166,arjunkapoor,2K,11.4M,1.95K,0.7
1167,clips,3.5K,16.4M,3.48K,0.9
1168,hunterschafer,100,7.3M,100,21.9
1169,lexa,7.9K,18.2M,7.94K,0.7
1170,juliaperrezz,8.8K,18.1M,8.76K,0.2
1171,anthonyjoshua,1.9K,14.7M,1.93K,1.4
1172,americanas,1.8K,12.9M,1.85K,0
1173,behatiprinsloo,1.8K,6.2M,1.84K,1.9
1174,lazar_angelov_official,2.3K,6.2M,2.27K,0.7
1175,elianisgarrido,0.9K,6.2M,0.91K,0.9
1176,joeygraceffa,1.9K,6.2M,1.86K,1.3
1177,dejesusoficial,1.2K,16.4M,1.20K,1.1
1178,amandaeliselee,347,11.4M,347,0.6
1179,zedd,1.9K,7.3M,1.87K,0.6
1180,kayla_itsines,7.8K,14.7M,7.80K,0.2
1181,21savage,1.3K,13M,1.29K,7
1182,ms_puiyi,758,20.3M,758,2
1183,davidattenborough,27,6.2M,27,4.8
1184,tejasswiprakash,0.9K,6.2M,0.94K,6.3
1185,mrssharena,5K,6.2M,5.03K,0.9
1186,numidialezoul_official,653,6.2M,653,3.6
1187,jimmybutler,664,6.2M,664,2.5
1188,francety,550,11.4M,550,2.3
1189,charliesangelll,5K,7.3M,4.96K,1.3
1190,alfinetei,3.3K,18.2M,3.33K,1.5
1191,dojacat,1.5K,18.2M,1.47K,5.1
1192,eliesaabworld,4.7K,8.6M,4.67K,0.2
1193,google,1.8K,13M,1.79K,0.1
1194,mirandasingsofficial,1.7K,6.2M,1.69K,0.7
1195,stephenamell,789,6.2M,789,3.9
1196,sincerelyjules,7.5K,6.2M,7.50K,0.6
1197,justsul,409,6.2M,409,6.7
1198,claudialeitte,5.4K,22.4M,5.45K,0.6
1199,freefirebgid,9.5K,10M,9.50K,0.2
1200,zarahome,2.5K,7.3M,2.53K,0.1
1201,camilaloures,3.4K,18.2M,3.36K,1.2
1202,auronplay,798,18.2M,798,11.9
1203,daviddobrik,469,13M,469,20.2
1204,ajaydevgn,536,8.6M,536,1.9
1205,iamnishaguragain,604,8.6M,604,1.6
1206,teknoofficial,1,8.6M,1,2.3
1207,travelandleisure,9.7K,6.2M,9.71K,0.2
1208,samumtiti,529,6.2M,529,3.4
1209,ariadne_diaz,1.6K,6.2M,1.59K,1
1210,shireensungkar,3.9K,22.4M,3.86K,0.2
1211,jquiles,4.8K,7.4M,4.79K,2.6
1212,migos,3.3K,11.5M,3.29K,0.8
1213,bela_fernandesoficial,2.3K,10M,2.26K,2.8
1214,benefitcosmetics,11.6K,10M,11.61K,0.1
1215,ikercasillas,2.3K,18.2M,2.26K,1.1
1216,angelicaksy,4.9K,14.8M,4.92K,0.5
1217,saweetie,897,13M,897,4.3
1218,oficialkellykey,5K,8.6M,5.02K,0.4
1219,coldplay,2.4K,20.3M,2.41K,1.7
1220,sonu_sood,1.9K,20.3M,1.86K,2.3
1221,siamusic,782,6.2M,1,1
1222,fofoquei,9.9K,6.2M,9.95K,0.8
1223,adultsociety,875,6.2M,875,0.5
1224,mattyperry4,40,7.4M,40,16.6
1225,got7.with.igot7,469,7.4M,469,9
1226,rterdogan,873,10M,873,2.2
1227,lucasvazquez91,809,10M,809,1.9
1228,lauramarano,1.9K,10M,1.86K,1.5
1229,isdadahlia,4.9K,16.5M,4.95K,0.1
1230,bbcpersian,35.7K,11.5M,35.74K,0.3
1231,melly_goeslaw,6.4K,11.5M,6.43K,0.3
1232,mrbeast,169,18.2M,169,8.6
1233,disneystudios,4.9K,13M,4.91K,0.2
1234,sleepinthegardn,4.4K,14.8M,4.43K,1.2
1235,martinlawrence,1.4K,8.6M,1.40K,0.5
1236,sarah_andrade,340,8.6M,340,5.3
1237,havanoficial,10.7K,6.2M,10.73K,0.1
1238,shirindavid,143,6.2M,143,3.9
1239,markwahlberg,1.9K,20.3M,1.92K,0.6
1240,ricky_martin,2K,16.5M,1.97K,1.9
1241,ellenpompeo,742,10M,742,8.9
1242,ksi,241,11.5M,241,7
1243,supercarblondie,1.7K,11.5M,1.69K,2.7
1244,lexibrookerivera,398,7.4M,398,10.5
1245,bharti.laughterqueen,5.1K,7.4M,5.10K,2.4
1246,willowsmith,1.5K,7.4M,1.47K,2.1
1247,nidhhiagerwal,0.9K,7.4M,0.91K,5.3
1248,kenzie,33,14.8M,33,3.2
1249,gima_ashi,1.2K,14.8M,1.21K,1.7
1250,sophiavalverde,5.7K,14.8M,5.67K,0.9
1251,waltdisneyworld,1.6K,8.6M,1.58K,1.2
1252,aoc,545,8.6M,545,6.5
1253,salshabillaadr,1.7K,13M,1.71K,2.2
1254,thylaneblondeau,1.2K,6.2M,1.22K,0
1255,lacoste,3.3K,6.2M,3.29K,0.4
1256,lawofbeauty,1.1K,6.2M,1.08K,0.2
1257,juli.annee,0.9K,6.2M,0.91K,2.7
1258,kaiagerber,1K,6.2M,1.01K,3.2
1259,oohsehun,796,22.5M,796,8.7
1260,jadepicon,2.5K,20.3M,2.47K,1.7
1261,redbull,9.3K,16.5M,9.33K,0.8
1262,bocajrsoficial,12.7K,7.4M,12.70K,1.4
1263,mulatto,1.1K,7.4M,1.11K,8.1
1264,paulnicklen,3.2K,7.4M,3.16K,1.1
1265,hichasestokes,102,7.4M,102,15.3
1266,biel,612,7.4M,612,1.4
1267,rolex,1.3K,13.1M,1.27K,0.8
1268,lizzobeeating,2.8K,13.1M,2.82K,3.7
1269,tonykakkar,1.7K,8.7M,1.71K,2.7
1270,jimenasanchezmx,2.7K,8.7M,2.74K,1.2
1271,susana.dxoxo,240,8.7M,240,1.2
1272,evelynregly,8.2K,6.2M,8.18K,2.5
1273,carolinacruzosorio,16.3K,6.2M,16.27K,0.8
1274,shitheadsteve,8.3K,6.2M,8.33K,1.3
1275,blacchyna,264,16.5M,264,0.2
1276,anaclaraac,1.8K,10M,1.78K,2
1277,lorealparis,9.8K,10M,9.78K,0
1278,colourpopcosmetics,11.7K,10M,11.71K,0.3
1279,tahaozer,4.8K,10M,4.84K,0.1
1280,primark,15.3K,10M,15.29K,0.2
1281,rauwalejandro,1,7.4M,1,9
1282,pilarrubio,2.1K,8.7M,2.09K,0.7
1283,sarahhyland,896,8.7M,896,3.1
1284,margie_rasri,4.6K,8.7M,4.64K,1.3
1285,annemarie,649,8.7M,649,3.9
1286,virgilvandijk,610,13.1M,610,2.8
1287,tylerperry,731,6.3M,731,3.2
1288,jannanick,4.1K,6.3M,4.08K,0.8
1289,luisanalopilato,1.5K,6.3M,1.46K,1.7
1290,julinhagomes,2.5K,6.3M,2.55K,0.7
1291,jaychou,742,6.3M,742,1.5
1292,lanarhoades,39,16.6M,39,8.1
1293,jorgeemateus,5.1K,16.6M,5.08K,0.1
1294,nowunited,3.3K,7.4M,3.30K,2.7
1295,ghantaa,1.8K,7.4M,1.78K,0.9
1296,multishow,13.6K,7.4M,13.64K,0.2
1297,carlosvives,4.7K,7.4M,4.73K,0.4
1298,mytherapistsays,9.9K,7.4M,9.86K,2.1
1299,haya_abdul_salam,1.8K,7.4M,1.76K,0.2
1300,tartecosmetics,11.9K,10.1M,11.90K,0.1
1301,mariahcarey,2.5K,10.1M,2.50K,2
1302,hamisamobetto,1.3K,10M,1.32K,0.5
1303,viking.barbie,413,11.5M,413,1.4
1304,liluzivert,27,14.8M,27,10.4
1305,ileana_official,1.3K,14.8M,1.32K,2
1306,disneychannel,4.7K,8.7M,4.69K,0.1
1307,maiaestiantyreal,3.5K,20.4M,3.47K,0.2
1308,netflixlat,3.1K,20.4M,3.13K,0.9
1309,diddy,0,18.3M,0,0.6
1310,svetabily,542,6.3M,542,2.3
1311,fabioporchat,2.9K,6.3M,2.86K,0.8
1312,yesung1106,506,6.3M,506,2.1
1313,chloelukasiak,1.4K,6.3M,1.37K,1.6
1314,gq,11.5K,6.3M,11.52K,0.3
1315,ayushmannk,1.2K,16.6M,1.22K,1.6
1316,kristenhanby,544,7.4M,544,4
1317,fifiabdouofficial,4.4K,7.4M,4.41K,0.2
1318,dilettaleotta,2K,7.4M,2.03K,5
1319,nintendo,1.9K,7.4M,1.95K,1
1320,layzhang,295,13.1M,295,6.5
1321,maybelline,2.6K,11.6M,2.62K,0.1
1322,feliciathegoat,481,11.6M,481,13.2
1323,marcoasensio10,896,14.8M,896,1.9
1324,allusnehareddy,527,8.7M,527,3.4
1325,vegas_nay,2.4K,6.3M,2.43K,0.4
1326,bretmanrock,1.7K,18.3M,1.71K,4.7
1327,ivanmartinez,80,18.3M,80,3
1328,3gerardpique,439,20.4M,439,3.6
1329,burakozcivit,175,16.6M,175,4.3
1330,6ar8o,1.4K,10.1M,1.36K,0.1
1331,easymoneysniper,32,13.1M,32,5.6
1332,somsomi0309,383,13.1M,383,8.9
1333,sonambajwa,2.7K,7.4M,2.72K,3
1334,ubisoft,1.3K,7.4M,1.33K,0.7
1335,alessandraambrosio,7.1K,11.6M,7.07K,0.4
1336,goar_avetisyan,10.2K,11.6M,10.24K,5.1
1337,bellacampen,5.1K,8.7M,5.08K,1.5
1338,miktambayong,877,6.3M,877,1.1
1339,imsebastianstan,311,6.3M,311,11.3
1340,sontungmtp,1.3K,6.3M,1.28K,5.6
1341,alexandradaddario,1.7K,20.4M,1.69K,3.5
1342,bbb,3.8K,18.3M,3.82K,2.9
1343,vousmevoyez,613,10.1M,613,5.4
1344,iam_emoney1,1K,10.1M,1.03K,0.4
1345,2chainz,9.1K,10.1M,9.14K,0.4
1346,tvglobo,33.8K,13.1M,33.76K,0.4
1347,nikewomen,1K,7.4M,0.98K,0.6
1348,stefannwilliam,740,7.4M,740,1.3
1349,falcao12oficial,2.9K,8.7M,2.86K,1.2
1350,atleticodemadrid,16.4K,14.9M,16.39K,0.2
1351,flaviapavanelli,2.9K,18.4M,2.91K,1
1352,riteishd,1.6K,18.4M,1.64K,1.8
1353,hazalkaya,203,6.3M,203,8
1354,aajtak,45.8K,6.3M,45.75K,0.1
1355,mirandakerr,3K,13.1M,2.97K,0.7
1356,officialkanikamann,3.3K,7.5M,3.34K,1.3
1357,metallica,3.8K,7.5M,3.79K,1.6
1358,krystledsouza,2.9K,7.4M,2.91K,1.1
1359,swarovski,0.9K,7.4M,0.91K,0.1
1360,balenciaga,2K,11.6M,1,0.3
1361,alghazali7,1.3K,14.9M,1.27K,0.7
1362,lilbaby,36,14.9M,36,6
1363,sbt,17.8K,8.7M,17.79K,0
1364,hziyech,219,6.3M,219,5.6
1365,tinistoessel,2.8K,16.7M,2.81K,3.7
1366,armaanmalik,638,13.2M,638,1.8
1367,ashanti,4.4K,7.5M,4.43K,1.5
1368,senoritasaeva,216,7.5M,216,5.3
1369,pampitaoficial,3K,7.5M,2.98K,1.3
1370,kandi,10.3K,10.1M,10.31K,0.5
1371,yefersoncossio,432,10.1M,432,11.9
1372,arcangel,183,11.6M,183,2.7
1373,adamsandler,385,11.6M,385,3.5
1374,e_milygarcia,1.1K,11.6M,1.06K,3.9
1375,francesconappoph,105,6.3M,105,1.2
1376,ibtissamtiskatofficial,1.1K,6.3M,1.10K,0.9
1377,aracelyarambula,5.4K,6.3M,5.36K,0.2
1378,iplt20,5.6K,6.3M,5.64K,1
1379,themermaidscales,2.2K,6.3M,2.22K,4.1
1380,kingarturo23oficial,2K,16.7M,2.04K,1.3
1381,moneybaggyo,28,7.5M,28,3.5
1382,babyariel,279,10.1M,279,0.9
1383,supassra_sp,2.2K,10.1M,2.18K,1.6
1384,instantbollywood,65.7K,11.6M,65.69K,0.3
1385,jharden13,72,11.6M,72,3.3
1386,marcanthony,2.4K,11.6M,2.40K,0.9
1387,marcusrashford,772,13.2M,772,4.7
1388,gabbi,3.9K,8.8M,3.86K,1.4
1389,evalongoria,5K,8.8M,4.95K,0.9
1390,inter,12.5K,8.8M,12.46K,0.8
1391,lindseypelas,1.8K,8.8M,1.81K,0.6
1392,audimarissa,1.4K,14.9M,1.37K,0.5
1393,samsmith,4,14.9M,4,1.9
1394,najwashihab,4.4K,22.6M,4.40K,0.9
1395,idrissultan,7.2K,6.3M,7.22K,0.2
1396,eva_andressa,7.3K,6.3M,7.31K,0.7
1397,dylanminnette,249,7.5M,249,12.1
1398,mclaren,7.3K,10.1M,7.26K,1
1399,rizkybillar,312,10.1M,312,10.8
1400,thedodo,7.3K,10.1M,7.31K,1.9
1401,suzannajmaldeen,3K,10.1M,3K,0.4
1402,loudgg,1.3K,11.6M,1.31K,1.3
1403,meghan_trainor,2.1K,11.6M,2.05K,1.9
1404,xavi,200,8.8M,200,3.4
1405,teyanataylor,4.3K,14.9M,4.26K,3.2
1406,shahdaisy,607,6.3M,607,0.7
1407,farahdhukai,764,6.3M,764,9.3
1408,anirudhofficial,1.4K,6.3M,1.42K,2.8
1409,youneszarou,1.2K,6.3M,1.25K,1.9
1410,emporioarmani,9K,18.4M,9.01K,0
1411,vishalpandey_21,2.7K,10.2M,2.70K,0.7
1412,austinmahone,114,10.2M,114,1
1413,myketowers,2.6K,7.5M,2.61K,7.6
1414,grefg_official,0.9K,7.5M,0.94K,6.3
1415,tonyhawk,6.5K,7.5M,6.50K,0.9
1416,treysongz,2.5K,13.2M,2.52K,0.6
1417,piyanka_mongia,490,8.8M,490,0.9
1418,g_eazy,59,8.8M,59,1.9
1419,jasonderulo,631,8.8M,631,3.4
1420,bpraak,2.7K,6.3M,2.72K,2.8
1421,gshow,8.2K,6.3M,8.17K,0.4
1422,therealmaryjblige,588,6.3M,588,2.3
1423,alejandrosanz,2.9K,6.3M,2.95K,1.4
1424,maribelguardia,3K,6.3M,2.99K,0.9
1425,maisie_williams,68,10.2M,68,2.2
1426,losangelesconfidential,8K,11.7M,7.97K,0.7
1427,dearra,431,6.4M,431,10
1428,nehadhupia,4K,6.4M,4.01K,0.6
1429,enews,42.7K,20.6M,42.74K,0.2
1430,angelcandices,1.4K,16.7M,1.40K,0.7
1431,cita_citata,3.3K,16.7M,3.25K,0.1
1432,emmaroberts,1.4K,16.7M,1.44K,4.9
1433,belindapop,95,13.2M,95,3.2
1434,friends,1.1K,11.7M,1.07K,3.4
1435,vogueparis,6.4K,7.5M,6.43K,0.3
1436,boohoo,15.2K,7.5M,15.23K,0.1
1437,soycarolinadiaz,278,7.5M,278,3.1
1438,makeupbymario,7.4K,10.2M,7.36K,0.1
1439,jaredleto,3.3K,10.2M,3.35K,2.4
1440,mclivinho,83,10.2M,83,1.8
1441,jiffpom,797,10.2M,797,0.3
1442,nehasharmaofficial,1.3K,15M,1.31K,2.3
1443,irinashayk,1.3K,15M,1.33K,2.3
1444,luizaparente,1.5K,8.8M,1.54K,1.4
1445,alanwalkermusic,788,8.8M,788,1.7
1446,michaelbjordan,36,18.5M,36,6
1447,offsetyrn,2.7K,18.5M,2.73K,2.8
1448,ronaldo,1.3K,22.7M,1.33K,0.5
1449,ozuna,60,22.7M,60,1.3
1450,johnnyorlando,472,6.4M,472,4.1
1451,traveltofuture,366,6.4M,1,0
1452,rubyrose,542,20.6M,542,1
1453,memes,18.2K,7.5M,18.16K,1.2
1454,bebytsabina,1K,7.5M,1.05K,2.7
1455,unicef,9K,10.2M,8.96K,0.2
1456,mathildtantot,128,10.2M,128,5.6
1457,micheltelo,2.9K,11.7M,2.91K,0.4
1458,kingryan,612,8.8M,612,7.5
1459,dacremontgomery,138,6.4M,138,3.3
1460,visubal,12.5K,6.4M,12.52K,0.5
1461,obj,185,16.8M,185,2.8
1462,nikkietutorials,2.9K,16.8M,2.90K,2.2
1463,caiocastro,2K,20.6M,1.99K,0.5
1464,koreadispatch,39.1K,11.7M,39.09K,0.2
1465,didierdrogba,1.3K,11.7M,1.28K,1.7
1466,zouhairbahaoui,2.6K,7.5M,2.62K,1.5
1467,levis,4K,7.5M,4.03K,0.1
1468,shirleysetia,1.4K,7.5M,1.45K,3.8
1469,nadine,546,10.2M,546,2.4
1470,cp3,1.4K,10.2M,1.41K,1.3
1471,alexis_officia1,793,15M,793,1.5
1472,sophiet,427,15M,427,10.5
1473,hasnaink07,2K,13.3M,2.03K,1.6
1474,brfootball,41.7K,8.8M,41.66K,2.9
1475,ulissesworld,6.4K,8.8M,6.43K,0.7
1476,pixar,4.2K,8.8M,4.21K,0.9
1477,moustfakhater,1.6K,7.6M,1.59K,0.6
1478,rondarousey,3.3K,13.3M,3.31K,0.4
1479,bipashabasu,3.9K,8.8M,3.93K,0.8
1480,ted,1.6K,6.4M,1.57K,0.4
1481,feminist,7K,6.4M,6.98K,2.6
1482,manushi_chhillar,569,6.4M,569,2.5
1483,gunsnroses,2.3K,6.4M,2.30K,2.1
1484,nissan,5.4K,6.4M,5.40K,0.3
1485,kobebryant,426,20.7M,426,14.3
1486,amrdiab,1.2K,15.1M,1.19K,0.5
1487,skysports,23.9K,10.2M,23.90K,0.7
1488,chennaiipl,6.4K,7.6M,6.37K,3.2
1489,mastercorbuzier,4.8K,8.9M,4.76K,4.3
1490,claurakiehl,1.6K,8.8M,1.61K,0.6
1491,gauaharkhan,3K,8.8M,3K,1.5
1492,verzuztv,633,6.4M,633,1.3
1493,saddu07dz,1.6K,6.4M,1.62K,1.4
1494,emirates,2.3K,6.4M,2.25K,0.7
1495,girl,1.7K,6.4M,1.68K,0.4
1496,lilyachty,81,10.3M,81,2
1497,paulolondra,442,10.2M,442,14.9
1498,lunay,464,10.2M,464,3.9
1499,ahmedhelmy,882,15.1M,882,1.8
1500,sarcastic_us,11.4K,7.6M,11.36K,1.6
1501,iamdesibanks,2.6K,7.6M,2.62K,6.2
1502,dirtyminds,310,8.9M,310,0.5
1503,sofiaalcastro,583,8.9M,583,4.1
1504,maiaraemaraisa,4.7K,8.9M,4.74K,0.2
1505,officialslystallone,1.6K,13.3M,1.59K,1.9
1506,bigsean,220,13.3M,220,2.2
1507,jaclynhill,1.6K,6.4M,1.58K,2.5
1508,corinnakopf,785,6.4M,785,14.1
1509,ananda,2K,6.4M,2.04K,2.2
1510,leighannepinnock,2.5K,6.4M,2.48K,4.3
1511,tiesto,79,6.4M,79,1.4
1512,gadiiing,11.6K,22.8M,11.59K,0.3
1513,fifthharmony,1.6K,10.3M,1.60K,3.5
1514,asaprocky,22,15.1M,22,5.4
1515,michelle_lewin,1.7K,15.1M,1.69K,0.8
1516,tiffanyyoungofficial,334,11.8M,334,3.3
1517,litkillah,204,7.6M,204,7.9
1518,dele,113,7.6M,113,2.5
1519,theofficialpandora,2.6K,8.9M,2.56K,0.2
1520,jscmila,2K,22.8M,1.97K,0.3
1521,saipallavi.senthamarai,188,6.4M,188,12.7
1522,lasobrideperez,2.4K,6.4M,2.40K,2.8
1523,kerrywashington,2.5K,6.4M,2.47K,0.9
1524,mtv,22.6K,18.6M,22.57K,0.1
1525,annecurtissmith,4.5K,18.6M,4.48K,1.1
1526,christian_fig,1.8K,10.3M,1.80K,2.4
1527,yandel,54,11.8M,54,0.3
1528,vivi,1.8K,13.3M,1.80K,2.3
1529,shopee_br,2.9K,8.9M,2.93K,0
1530,jassie.gill,2.8K,7.6M,2.77K,2.3
1531,shivangijoshi18,566,7.6M,566,6.1
1532,mmoonstar,1.2K,7.6M,1.18K,4.8
1533,delaghetto,242,7.6M,242,0.6
1534,bela,826,7.6M,826,0.8
1535,arjunbijlani,4.2K,7.6M,4.18K,1.3
1536,iamferv,68,6.4M,68,19.6
1537,whitehouse45,3K,6.4M,2.98K,1.6
1538,funnymemes,2.3K,6.4M,2.35K,0.4
1539,mtvwildnout,2.3K,6.4M,2.34K,3.1
1540,mharessa,2.4K,6.4M,2.44K,0.9
1541,fendi,7K,16.9M,7.03K,0.1
1542,carrieunderwood,1.7K,10.3M,1.67K,0.7
1543,juulianapaiva,2.1K,10.3M,2.10K,1.3
1544,joerogan,6.4K,15.1M,6.42K,1.7
1545,hi_high_hiy,137,15.1M,137,18.6
1546,juanpa,2.6K,11.8M,2.65K,1.5
1547,therealstanlee,0.9K,11.8M,0.94K,1.9
1548,ctdk,14.4K,8.9M,14.36K,0.2
1549,the_amanda_nicole,217,8.9M,217,1.5
1550,landrover,1.8K,8.9M,1.78K,0.7
1551,nph,1.1K,8.9M,1.12K,2.2
1552,skuukzky,1.3K,13.3M,1.30K,6
1553,dlwlrma,587,20.8M,587,12
1554,brysontiller,347,6.4M,347,2.8
1555,todayis_wendy,84,6.4M,84,16
1556,realshadmehr,745,6.4M,745,5.2
1557,bathandbodyworks,5.7K,6.4M,5.67K,0.5
1558,olivier_rousteing,7.3K,6.4M,7.27K,0.2
1559,gentilfernanda,4.4K,6.4M,4.42K,0.6
1560,perspolis,3.9K,6.4M,3.90K,5.4
1561,roddyricch,1,6.4M,1,15.2
1562,chloe,657,10.3M,657,0.1
1563,kimmy_kimberley,4.9K,10.3M,4.85K,1.8
1564,neha_rajput___143,2.8K,18.6M,2.84K,0.1
1565,starwars,4.5K,15.1M,4.47K,1.8
1566,bhuvan.bam22,1.5K,15.1M,1.50K,6.1
1567,topshop,22,11.8M,22,0
1568,moschino,12.2K,11.8M,12.19K,0.1
1569,official_pepe,462,11.8M,462,0.6
1570,egupta,382,13.4M,382,1.1
1571,aliexpress,222,7.6M,222,0
1572,mawrellous,1.1K,7.6M,1.13K,0.9
1573,lakers,11.9K,20.8M,11.92K,0.9
1574,seriea,2.6K,6.5M,2.56K,0.8
1575,bmwm,4.3K,8.9M,4.29K,1.1
1576,postmalone,1K,22.9M,0.99K,5.6
1577,tombrady,726,11.8M,726,5.2
1578,adrianalima,1.7K,15.2M,1.72K,1.5
1579,darshanravaldz,3.4K,15.1M,3.41K,3.1
1580,ussypratama,7.6K,15.1M,7.63K,0.3
1581,mercyjohnsonokojie,1.8K,13.4M,1.78K,0.4
1582,avengers,655,13.4M,655,1.5
1583,olamide,8K,7.6M,8K,1.8
1584,tomhardy,379,7.6M,379,3.1
1585,franciscus,1.3K,8.9M,1.27K,1.6
1586,avrillavigne,100,8.9M,100,5.6
1587,davidguetta,1.6K,8.9M,1.57K,1.4
1588,wbpictures,9K,6.5M,9K,0.5
1589,silvestredangond,5.7K,6.5M,5.75K,1
1590,future,1,18.7M,1,3.6
1591,esadolescencia,14.1K,7.6M,14.10K,0.3
1592,gwynethpaltrow,1K,7.6M,1.02K,1.9
1593,yuliett.torres,1.5K,10.3M,1.47K,1
1594,damianlillard,4.2K,8.9M,4.19K,1.2
1595,charlizeafrica,427,6.5M,427,2.5
1596,natgeoyourshot,9.6K,6.5M,9.60K,0.3
1597,wos.ds3,76,6.5M,76,11.8
1598,arrahman,1.1K,6.5M,1.09K,2
1599,lilnasx,29,6.5M,29,8.2
1600,mcpozedorodo,411,6.5M,411,6.6
1601,fentybeauty,9.2K,11.8M,9.22K,0.3
1602,djokernole,1K,11.8M,0.99K,3
1603,jojotodynho,2.1K,18.7M,2.13K,2.7
1604,lisaandlena,2.3K,18.7M,2.25K,0.7
1605,wish,6.5K,7.7M,6.49K,0.1
1606,yerimiese,565,7.7M,565,10.2
1607,hm_son7,163,7.7M,163,4.1
1608,sargunmehta,2.6K,7.7M,2.65K,1.8
1609,awkarin,8.7K,7.7M,8.72K,2
1610,teslamotors,688,8.9M,688,3.2
1611,ps,9,8.9M,9,1
1612,augustalsina,113,6.5M,113,1.7
1613,alinebarros,10K,6.5M,9.98K,0.3
1614,asos,16K,13.4M,15.99K,0.3
1615,timatiofficial,4.3K,18.7M,4.31K,1.4
1616,romeestrijd,2.5K,7.7M,2.53K,3.8
1617,marko,5K,7.7M,5.03K,1.4
1618,brentrivera,2.1K,20.9M,2.12K,5
1619,thejohnabraham,616,10.4M,616,1.6
1620,torylanez,295,10.3M,295,1.6
1621,nagmamirajkar,3K,6.5M,2.99K,3.6
1622,kateupton,1.4K,6.5M,1.43K,1.1
1623,welyanalbaiaty94,1.1K,6.5M,1.12K,1.1
1624,redvelvet.smtown,3K,11.9M,3K,3.6
1625,banksy,130,11.9M,130,14.2
1626,jordynwoods,2.9K,11.9M,2.87K,2.7
1627,syakirdaulay,1.8K,7.7M,1.85K,2.9
1628,arieltatum,276,7.7M,276,1.4
1629,jimin_bighitentertainment,51,7.7M,51,20.4
1630,chieffkeeffsossa,266,7.7M,266,4.1
1631,ivankatrump,3.9K,7.7M,3.89K,5.2
1632,karanjohar,1.7K,10.4M,1.66K,0.9
1633,channingtatum,107,17M,107,3.4
1634,tatizaqui,145,13.4M,145,1.6
1635,klrahul,881,13.4M,881,5.1
1636,youm7,59.1K,10.4M,59.14K,0.1
1637,nesreentafesh,3.1K,10.4M,3.14K,0.8
1638,fernanfloo,127,10.4M,127,12.3
1639,thenikkibella,7.3K,10.4M,7.28K,1.2
1640,yassipressman,4.1K,10.4M,4.10K,0.3
1641,pamela_rf,2.1K,9M,2.08K,2.8
1642,orlabaddie,834,9M,1,0
1643,claudiaalende,1.1K,9M,1.11K,1.3
1644,soyneiva,395,11.9M,395,2.5
1645,ramezgalalac,1.2K,11.9M,1.15K,1.3
1646,brycehall,1.1K,7.7M,1.08K,12.2
1647,tata,4.1K,7.7M,4.10K,4.2
1648,senorita_jessy,1.1K,7.7M,1.10K,0.4
1649,kriswu,366,7.7M,366,6.8
1650,pullandbear,5.4K,7.7M,5.36K,0.1
1651,portalg1,16.5K,7.7M,16.54K,0.2
1652,o.dembele7,233,10.4M,233,6.4
1653,bachchan,1.1K,10.4M,1.10K,0.6
1654,ladbible,28.6K,10.4M,28.57K,0.9
1655,tylerjblackburn,1.2K,10.4M,1.18K,1.3
1656,anyataylorjoy,1.2K,9M,1.19K,11.9
1657,aum_patchrapa,7.5K,13.5M,7.53K,0.6
1658,iamjamiefoxx,2.9K,13.4M,2.91K,1
1659,lildurk,719,13.5M,719,5.3
1660,cescf4bregas,1K,13.5M,1.04K,0.5
1661,tiffanyandco,2.7K,13.5M,2.70K,0.4
1662,casemiro,1.1K,18.8M,1.07K,1.8
1663,realhinakhan,1.8K,18.8M,1.79K,1.8
1664,avani,894,18.9M,894,3.4
1665,prettylittlething,1.3K,18.9M,1.33K,0.2
